{
    "name": "root",
    "gauges": {
        "CharacterBBehavior.Policy.Entropy.mean": {
            "value": 3.454263210296631,
            "min": 3.3321588039398193,
            "max": 3.6199185848236084,
            "count": 30
        },
        "CharacterBBehavior.Policy.Entropy.sum": {
            "value": 3402.44921875,
            "min": 3096.875,
            "max": 4385.59814453125,
            "count": 30
        },
        "CharacterBBehavior.Step.mean": {
            "value": 29997.0,
            "min": 987.0,
            "max": 29997.0,
            "count": 30
        },
        "CharacterBBehavior.Step.sum": {
            "value": 29997.0,
            "min": 987.0,
            "max": 29997.0,
            "count": 30
        },
        "CharacterBBehavior.Policy.ExtrinsicValueEstimate.mean": {
            "value": -10.30261516571045,
            "min": -10.30261516571045,
            "max": -0.11389253288507462,
            "count": 30
        },
        "CharacterBBehavior.Policy.ExtrinsicValueEstimate.sum": {
            "value": -185.4470672607422,
            "min": -185.4470672607422,
            "max": -1.8222805261611938,
            "count": 30
        },
        "CharacterBBehavior.Environment.EpisodeLength.mean": {
            "value": 697.3333333333334,
            "min": 218.0,
            "max": 736.5,
            "count": 28
        },
        "CharacterBBehavior.Environment.EpisodeLength.sum": {
            "value": 2092.0,
            "min": 218.0,
            "max": 2419.0,
            "count": 28
        },
        "CharacterBBehavior.Environment.CumulativeReward.mean": {
            "value": -3987.8264144857726,
            "min": -6493.353680834174,
            "max": -983.8660578727722,
            "count": 29
        },
        "CharacterBBehavior.Environment.CumulativeReward.sum": {
            "value": -11963.479243457317,
            "min": -17988.732180416584,
            "max": -983.8660578727722,
            "count": 29
        },
        "CharacterBBehavior.Policy.ExtrinsicReward.mean": {
            "value": -3987.8264144857726,
            "min": -6493.353680834174,
            "max": -983.8660578727722,
            "count": 29
        },
        "CharacterBBehavior.Policy.ExtrinsicReward.sum": {
            "value": -11963.479243457317,
            "min": -17988.732180416584,
            "max": -983.8660578727722,
            "count": 29
        },
        "CharacterBBehavior.IsTraining.mean": {
            "value": 1.0,
            "min": 1.0,
            "max": 1.0,
            "count": 30
        },
        "CharacterBBehavior.IsTraining.sum": {
            "value": 1.0,
            "min": 1.0,
            "max": 1.0,
            "count": 30
        },
        "CharacterABehavior.Policy.Entropy.mean": {
            "value": 3.3665223121643066,
            "min": 3.1854472160339355,
            "max": 3.439723491668701,
            "count": 30
        },
        "CharacterABehavior.Policy.Entropy.sum": {
            "value": 3316.0244140625,
            "min": 2895.76513671875,
            "max": 4208.56884765625,
            "count": 30
        },
        "CharacterABehavior.Step.mean": {
            "value": 29997.0,
            "min": 987.0,
            "max": 29997.0,
            "count": 30
        },
        "CharacterABehavior.Step.sum": {
            "value": 29997.0,
            "min": 987.0,
            "max": 29997.0,
            "count": 30
        },
        "CharacterABehavior.Policy.ExtrinsicValueEstimate.mean": {
            "value": -9.206615447998047,
            "min": -9.235023498535156,
            "max": 0.037827037274837494,
            "count": 30
        },
        "CharacterABehavior.Policy.ExtrinsicValueEstimate.sum": {
            "value": -165.71908569335938,
            "min": -165.71908569335938,
            "max": 0.6052325963973999,
            "count": 30
        },
        "CharacterABehavior.Environment.EpisodeLength.mean": {
            "value": 697.3333333333334,
            "min": 218.0,
            "max": 736.5,
            "count": 28
        },
        "CharacterABehavior.Environment.EpisodeLength.sum": {
            "value": 2092.0,
            "min": 218.0,
            "max": 2419.0,
            "count": 28
        },
        "CharacterABehavior.Environment.CumulativeReward.mean": {
            "value": -4333.030673367281,
            "min": -6010.484524345025,
            "max": -3004.822252392769,
            "count": 29
        },
        "CharacterABehavior.Environment.CumulativeReward.sum": {
            "value": -12999.092020101845,
            "min": -15000.142562359571,
            "max": -3004.822252392769,
            "count": 29
        },
        "CharacterABehavior.Policy.ExtrinsicReward.mean": {
            "value": -4333.030673367281,
            "min": -6010.484524345025,
            "max": -3004.822252392769,
            "count": 29
        },
        "CharacterABehavior.Policy.ExtrinsicReward.sum": {
            "value": -12999.092020101845,
            "min": -15000.142562359571,
            "max": -3004.822252392769,
            "count": 29
        },
        "CharacterABehavior.IsTraining.mean": {
            "value": 1.0,
            "min": 1.0,
            "max": 1.0,
            "count": 30
        },
        "CharacterABehavior.IsTraining.sum": {
            "value": 1.0,
            "min": 1.0,
            "max": 1.0,
            "count": 30
        },
        "CharacterBBehavior.Losses.PolicyLoss.mean": {
            "value": 0.21618177528337887,
            "min": 0.12094208764998864,
            "max": 0.2311237365550672,
            "count": 14
        },
        "CharacterBBehavior.Losses.PolicyLoss.sum": {
            "value": 0.21618177528337887,
            "min": 0.12094208764998864,
            "max": 0.2311237365550672,
            "count": 14
        },
        "CharacterBBehavior.Losses.ValueLoss.mean": {
            "value": 45685.40785294771,
            "min": 45685.40785294771,
            "max": 127040.94955444336,
            "count": 14
        },
        "CharacterBBehavior.Losses.ValueLoss.sum": {
            "value": 45685.40785294771,
            "min": 45685.40785294771,
            "max": 127040.94955444336,
            "count": 14
        },
        "CharacterBBehavior.Policy.LearningRate.mean": {
            "value": 1.394009535333333e-05,
            "min": 1.394009535333333e-05,
            "max": 0.0002779700073433333,
            "count": 14
        },
        "CharacterBBehavior.Policy.LearningRate.sum": {
            "value": 1.394009535333333e-05,
            "min": 1.394009535333333e-05,
            "max": 0.0002779700073433333,
            "count": 14
        },
        "CharacterBBehavior.Policy.Epsilon.mean": {
            "value": 0.10464666666666667,
            "min": 0.10464666666666667,
            "max": 0.19265666666666667,
            "count": 14
        },
        "CharacterBBehavior.Policy.Epsilon.sum": {
            "value": 0.10464666666666667,
            "min": 0.10464666666666667,
            "max": 0.19265666666666667,
            "count": 14
        },
        "CharacterBBehavior.Policy.Beta.mean": {
            "value": 0.00024186866666666665,
            "min": 0.00024186866666666665,
            "max": 0.004633567666666667,
            "count": 14
        },
        "CharacterBBehavior.Policy.Beta.sum": {
            "value": 0.00024186866666666665,
            "min": 0.00024186866666666665,
            "max": 0.004633567666666667,
            "count": 14
        },
        "CharacterABehavior.Losses.PolicyLoss.mean": {
            "value": 0.2283435385519018,
            "min": 0.16667533184712133,
            "max": 0.2592879269892971,