{
    "name": "root",
    "gauges": {
        "CharacterABehavior.Policy.Entropy.mean": {
            "value": 2.969247341156006,
            "min": 2.924192428588867,
            "max": 3.4245567321777344,
            "count": 21
        },
        "CharacterABehavior.Policy.Entropy.sum": {
            "value": 3016.75537109375,
            "min": 2739.79736328125,
            "max": 3715.44677734375,
            "count": 21
        },
        "CharacterABehavior.Step.mean": {
            "value": 20948.0,
            "min": 960.0,
            "max": 20948.0,
            "count": 21
        },
        "CharacterABehavior.Step.sum": {
            "value": 20948.0,
            "min": 960.0,
            "max": 20948.0,
            "count": 21
        },
        "CharacterABehavior.Policy.ExtrinsicValueEstimate.mean": {
            "value": -4.71173620223999,
            "min": -7.321321964263916,
            "max": 0.0617879293859005,
            "count": 21
        },
        "CharacterABehavior.Policy.ExtrinsicValueEstimate.sum": {
            "value": -70.67604064941406,
            "min": -121.77908325195312,
            "max": 1.0503947734832764,
            "count": 21
        },
        "CharacterABehavior.IsTraining.mean": {
            "value": 1.0,
            "min": 1.0,
            "max": 1.0,
            "count": 21
        },
        "CharacterABehavior.IsTraining.sum": {
            "value": 1.0,
            "min": 1.0,
            "max": 1.0,
            "count": 21
        },
        "CharacterBBehavior.Policy.Entropy.mean": {
            "value": 3.094493865966797,
            "min": 3.094493865966797,
            "max": 3.552497625350952,
            "count": 21
        },
        "CharacterBBehavior.Policy.Entropy.sum": {
            "value": 3144.005859375,
            "min": 2890.4033203125,
            "max": 3936.16748046875,
            "count": 21
        },
        "CharacterBBehavior.Step.mean": {
            "value": 20948.0,
            "min": 960.0,
            "max": 20948.0,
            "count": 21
        },
        "CharacterBBehavior.Step.sum": {
            "value": 20948.0,
            "min": 960.0,
            "max": 20948.0,
            "count": 21
        },
        "CharacterBBehavior.Policy.ExtrinsicValueEstimate.mean": {
            "value": -4.420783042907715,
            "min": -6.123981475830078,
            "max": 0.18508625030517578,
            "count": 21
        },
        "CharacterBBehavior.Policy.ExtrinsicValueEstimate.sum": {
            "value": -66.3117446899414,
            "min": -99.72693634033203,
            "max": 2.7762937545776367,
            "count": 21
        },
        "CharacterBBehavior.IsTraining.mean": {
            "value": 1.0,
            "min": 1.0,
            "max": 1.0,
            "count": 21
        },
        "CharacterBBehavior.IsTraining.sum": {
            "value": 1.0,
            "min": 1.0,
            "max": 1.0,
            "count": 21
        },
        "CharacterABehavior.Environment.EpisodeLength.mean": {
            "value": 329.0,
            "min": 285.6666666666667,
            "max": 619.0,
            "count": 14
        },
        "CharacterABehavior.Environment.EpisodeLength.sum": {
            "value": 329.0,
            "min": 307.0,
            "max": 1439.0,
            "count": 14
        },
        "CharacterABehavior.Environment.CumulativeReward.mean": {
            "value": -2989.1556133925915,
            "min": -6007.098112441599,
            "max": -2986.347048640251,
            "count": 14
        },
        "CharacterABehavior.Environment.CumulativeReward.sum": {
            "value": -2989.1556133925915,
            "min": -20025.468618556857,
            "max": -2986.347048640251,
            "count": 14
        },
        "CharacterABehavior.Policy.ExtrinsicReward.mean": {
            "value": -2989.1556133925915,
            "min": -6007.098112441599,
            "max": -2986.347048640251,
            "count": 14
        },
        "CharacterABehavior.Policy.ExtrinsicReward.sum": {
            "value": -2989.1556133925915,
            "min": -20025.468618556857,
            "max": -2986.347048640251,
            "count": 14
        },
        "CharacterBBehavior.Environment.EpisodeLength.mean": {
            "value": 329.0,
            "min": 285.6666666666667,
            "max": 619.0,
            "count": 14
        },
        "CharacterBBehavior.Environment.EpisodeLength.sum": {
            "value": 329.0,
            "min": 307.0,
            "max": 1439.0,
            "count": 14
        },
        "CharacterBBehavior.Environment.CumulativeReward.mean": {
            "value": -6003.425868868828,
            "min": -7000.090245008469,
            "max": -981.0923798978329,
            "count": 14
        },
        "CharacterBBehavior.Environment.CumulativeReward.sum": {
            "value": -6003.425868868828,
            "min": -21942.862778365612,
            "max": -981.0923798978329,
            "count": 14
        },
        "CharacterBBehavior.Policy.ExtrinsicReward.mean": {
            "value": -6003.425868868828,
            "min": -7000.090245008469,
            "max": -981.0923798978329,
            "count": 14
        },
        "CharacterBBehavior.Policy.ExtrinsicReward.sum": {
            "value": -6003.425868868828,
            "min": -21942.862778365612,
            "max": -981.0923798978329,
            "count": 14
        },
        "CharacterABehavior.Losses.PolicyLoss.mean": {
            "value": 0.16625284551021954,
            "min": 0.15963083367872363,
            "max": 0.260017232503742,
            "count": 10
        },
        "CharacterABehavior.Losses.PolicyLoss.sum": {
            "value": 0.16625284551021954,
            "min": 0.15963083367872363,
            "max": 0.260017232503742,
            "count": 10
        },
        "CharacterABehavior.Losses.ValueLoss.mean": {
            "value": 0.5553660492102305,
            "min": 0.5553660492102305,
            "max": 127386.36376953125,
            "count": 10
        },
        "CharacterABehavior.Losses.ValueLoss.sum": {
            "value": 0.5553660492102305,
            "min": 0.5553660492102305,
            "max": 127386.36376953125,
            "count": 10
        },
        "CharacterABehavior.Policy.LearningRate.mean": {
            "value": 9.436006854666666e-05,
            "min": 9.436006854666666e-05,
            "max": 0.0002791700069433333,
            "count": 10
        },
        "CharacterABehavior.Policy.LearningRate.sum": {
            "value": 9.436006854666666e-05,
            "min": 9.436006854666666e-05,
            "max": 0.0002791700069433333,
            "count": 10
        },
        "CharacterABehavior.Policy.Epsilon.mean": {
            "value": 0.13145333333333334,
            "min": 0.13145333333333334,
            "max": 0.19305666666666668,
            "count": 10
        },
        "CharacterABehavior.Policy.Epsilon.sum": {
            "value": 0.13145333333333334,
            "min": 0.13145333333333334,
            "max": 0.19305666666666668,
            "count": 10
        },
        "CharacterABehavior.Policy.Beta.mean": {
            "value": 0.0015795213333333336,
            "min": 0.0015795213333333336,
            "max": 0.0046535276666666665,
            "count": 10
        },
        "CharacterABehavior.Policy.Beta.sum": {
            "value": 0.0015795213333333336,
            "min": 0.0015795213333333336,
            "max": 0.0046535276666666665,
            "count": 10
        },
        "CharacterBBehavior.Losses.PolicyLoss.mean": {
            "value": 0.19377776984280595,
            "min": 0.17256354708418561,
            "max": 0.24971712349603573,