{
    "name": "root",
    "gauges": {
        "CharacterBBehavior.Policy.Entropy.mean": {
            "value": 3.262852430343628,
            "min": 3.174351453781128,
            "max": 3.6172537803649902,
            "count": 30
        },
        "CharacterBBehavior.Policy.Entropy.sum": {
            "value": 3132.33837890625,
            "min": 3004.53466796875,
            "max": 4433.3623046875,
            "count": 30
        },
        "CharacterBBehavior.Step.mean": {
            "value": 29977.0,
            "min": 960.0,
            "max": 29977.0,
            "count": 30
        },
        "CharacterBBehavior.Step.sum": {
            "value": 29977.0,
            "min": 960.0,
            "max": 29977.0,
            "count": 30
        },
        "CharacterBBehavior.Policy.ExtrinsicValueEstimate.mean": {
            "value": -8.513208389282227,
            "min": -9.62686538696289,
            "max": 0.5679841637611389,
            "count": 30
        },
        "CharacterBBehavior.Policy.ExtrinsicValueEstimate.sum": {
            "value": -136.21133422851562,
            "min": -163.28140258789062,
            "max": 8.937612533569336,
            "count": 30
        },
        "CharacterBBehavior.IsTraining.mean": {
            "value": 1.0,
            "min": 1.0,
            "max": 1.0,
            "count": 30
        },
        "CharacterBBehavior.IsTraining.sum": {
            "value": 1.0,
            "min": 1.0,
            "max": 1.0,
            "count": 30
        },
        "CharacterABehavior.Policy.Entropy.mean": {
            "value": 3.1314070224761963,
            "min": 3.0689542293548584,
            "max": 3.4277963638305664,
            "count": 30
        },
        "CharacterABehavior.Policy.Entropy.sum": {
            "value": 3006.150634765625,
            "min": 2906.822265625,
            "max": 4289.7099609375,
            "count": 30
        },
        "CharacterABehavior.Step.mean": {
            "value": 29977.0,
            "min": 960.0,
            "max": 29977.0,
            "count": 30
        },
        "CharacterABehavior.Step.sum": {
            "value": 29977.0,
            "min": 960.0,
            "max": 29977.0,
            "count": 30
        },
        "CharacterABehavior.Policy.ExtrinsicValueEstimate.mean": {
            "value": -7.763089179992676,
            "min": -9.102617263793945,
            "max": 0.38426458835601807,
            "count": 30
        },
        "CharacterABehavior.Policy.ExtrinsicValueEstimate.sum": {
            "value": -124.20942687988281,
            "min": -154.74449157714844,
            "max": 6.532497882843018,
            "count": 30
        },
        "CharacterABehavior.IsTraining.mean": {
            "value": 1.0,
            "min": 1.0,
            "max": 1.0,
            "count": 30
        },
        "CharacterABehavior.IsTraining.sum": {
            "value": 1.0,
            "min": 1.0,
            "max": 1.0,
            "count": 30
        },
        "CharacterBBehavior.Environment.EpisodeLength.mean": {
            "value": 414.0,
            "min": 304.0,
            "max": 759.0,
            "count": 24
        },
        "CharacterBBehavior.Environment.EpisodeLength.sum": {
            "value": 414.0,
            "min": 385.0,
            "max": 2601.0,
            "count": 24
        },
        "CharacterBBehavior.Environment.CumulativeReward.mean": {
            "value": -5987.300582408905,
            "min": -6988.431310385466,
            "max": -2481.43869176507,
            "count": 24
        },
        "CharacterBBehavior.Environment.CumulativeReward.sum": {
            "value": -5987.300582408905,
            "min": -23958.748065680265,
            "max": -2982.7987818717957,
            "count": 24
        },
        "CharacterBBehavior.Policy.ExtrinsicReward.mean": {
            "value": -5987.300582408905,
            "min": -6988.431310385466,
            "max": -2481.43869176507,
            "count": 24
        },
        "CharacterBBehavior.Policy.ExtrinsicReward.sum": {
            "value": -5987.300582408905,
            "min": -23958.748065680265,
            "max": -2982.7987818717957,
            "count": 24
        },
        "CharacterABehavior.Environment.EpisodeLength.mean": {
            "value": 414.0,
            "min": 304.0,
            "max": 759.0,
            "count": 24
        },
        "CharacterABehavior.Environment.EpisodeLength.sum": {
            "value": 414.0,
            "min": 385.0,
            "max": 2601.0,
            "count": 24
        },
        "CharacterABehavior.Environment.CumulativeReward.mean": {
            "value": -5003.424090862274,
            "min": -6007.378619551659,
            "max": -2994.2621565163136,
            "count": 24
        },
        "CharacterABehavior.Environment.CumulativeReward.sum": {
            "value": -5003.424090862274,
            "min": -14970.018623307347,
            "max": -3988.108889222145,
            "count": 24
        },
        "CharacterABehavior.Policy.ExtrinsicReward.mean": {
            "value": -5003.424090862274,
            "min": -6007.378619551659,
            "max": -2994.2621565163136,
            "count": 24
        },
        "CharacterABehavior.Policy.ExtrinsicReward.sum": {
            "value": -5003.424090862274,
            "min": -14970.018623307347,
            "max": -3988.108889222145,
            "count": 24
        },
        "CharacterBBehavior.Losses.PolicyLoss.mean": {
            "value": 0.14958933936820054,
            "min": 0.14958933936820054,
            "max": 0.2639251014528175,
            "count": 14
        },
        "CharacterBBehavior.Losses.PolicyLoss.sum": {
            "value": 0.14958933936820054,
            "min": 0.14958933936820054,
            "max": 0.2639251014528175,
            "count": 14
        },
        "CharacterBBehavior.Losses.ValueLoss.mean": {
            "value": 33826.688989534974,
            "min": 33826.688989534974,
            "max": 184136.41771443686,
            "count": 14
        },
        "CharacterBBehavior.Losses.ValueLoss.sum": {
            "value": 33826.688989534974,
            "min": 33826.688989534974,
            "max": 184136.41771443686,
            "count": 14
        },
        "CharacterBBehavior.Policy.LearningRate.mean": {
            "value": 1.334009555333333e-05,
            "min": 1.334009555333333e-05,
            "max": 0.00027822000726,
            "count": 14
        },
        "CharacterBBehavior.Policy.LearningRate.sum": {
            "value": 1.334009555333333e-05,
            "min": 1.334009555333333e-05,
            "max": 0.00027822000726,
            "count": 14
        },
        "CharacterBBehavior.Policy.Epsilon.mean": {
            "value": 0.10444666666666667,
            "min": 0.10444666666666667,
            "max": 0.19274000000000002,
            "count": 14
        },
        "CharacterBBehavior.Policy.Epsilon.sum": {
            "value": 0.10444666666666667,
            "min": 0.10444666666666667,
            "max": 0.19274000000000002,
            "count": 14
        },
        "CharacterBBehavior.Policy.Beta.mean": {
            "value": 0.00023188866666666661,
            "min": 0.00023188866666666661,
            "max": 0.004637726,
            "count": 14
        },
        "CharacterBBehavior.Policy.Beta.sum": {
            "value": 0.00023188866666666661,
            "min": 0.00023188866666666661,
            "max": 0.004637726,
            "count": 14
        },
        "CharacterABehavior.Losses.PolicyLoss.mean": {
            "value": 0.1802884059919355,
            "min": 0.1349504296425342,
            "max": 0.2544606050165991,
            "count": 14
        },