{
    "name": "root",
    "gauges": {
        "CharacterBBehavior.Policy.Entropy.mean": {
            "value": 1.230883240699768,
            "min": 0.8768390417098999,
            "max": 1.4501903057098389,
            "count": 142
        },
        "CharacterBBehavior.Policy.Entropy.sum": {
            "value": 1181.64794921875,
            "min": 570.6832885742188,
            "max": 1484.868408203125,
            "count": 142
        },
        "CharacterBBehavior.Step.mean": {
            "value": 199976.0,
            "min": 58938.0,
            "max": 199976.0,
            "count": 142
        },
        "CharacterBBehavior.Step.sum": {
            "value": 199976.0,
            "min": 58938.0,
            "max": 199976.0,
            "count": 142
        },
        "CharacterBBehavior.Policy.ExtrinsicValueEstimate.mean": {
            "value": 34.4615592956543,
            "min": -468.8193054199219,
            "max": 58.82701873779297,
            "count": 142
        },
        "CharacterBBehavior.Policy.ExtrinsicValueEstimate.sum": {
            "value": 585.8464965820312,
            "min": -5206.08837890625,
            "max": 941.2322998046875,
            "count": 142
        },
        "CharacterBBehavior.IsTraining.mean": {
            "value": 1.0,
            "min": 1.0,
            "max": 1.0,
            "count": 142
        },
        "CharacterBBehavior.IsTraining.sum": {
            "value": 1.0,
            "min": 1.0,
            "max": 1.0,
            "count": 142
        },
        "CharacterABehavior.Policy.Entropy.mean": {
            "value": 1.5119521617889404,
            "min": 1.1207993030548096,
            "max": 1.654755711555481,
            "count": 142
        },
        "CharacterABehavior.Policy.Entropy.sum": {
            "value": 1451.47412109375,
            "min": 741.026611328125,
            "max": 1820.215576171875,
            "count": 142
        },
        "CharacterABehavior.Step.mean": {
            "value": 199976.0,
            "min": 58938.0,
            "max": 199976.0,
            "count": 142
        },
        "CharacterABehavior.Step.sum": {
            "value": 199976.0,
            "min": 58938.0,
            "max": 199976.0,
            "count": 142
        },
        "CharacterABehavior.Policy.ExtrinsicValueEstimate.mean": {
            "value": -229.37954711914062,
            "min": -363.4749450683594,
            "max": -222.0457305908203,
            "count": 142
        },
        "CharacterABehavior.Policy.ExtrinsicValueEstimate.sum": {
            "value": -3899.452392578125,
            "min": -6179.07421875,
            "max": -2162.2392578125,
            "count": 142
        },
        "CharacterABehavior.IsTraining.mean": {
            "value": 1.0,
            "min": 1.0,
            "max": 1.0,
            "count": 142
        },
        "CharacterABehavior.IsTraining.sum": {
            "value": 1.0,
            "min": 1.0,
            "max": 1.0,
            "count": 142
        },
        "CharacterBBehavior.Losses.PolicyLoss.mean": {
            "value": 0.03829478664556518,
            "min": 0.028881299872106563,
            "max": 0.06569915672298521,
            "count": 67
        },
        "CharacterBBehavior.Losses.PolicyLoss.sum": {
            "value": 0.03829478664556518,
            "min": 0.028881299872106563,
            "max": 0.06569915672298521,
            "count": 67
        },
        "CharacterBBehavior.Losses.ValueLoss.mean": {
            "value": 7339.911326090495,
            "min": 1557.4417826334636,
            "max": 28850.463948567707,
            "count": 67
        },
        "CharacterBBehavior.Losses.ValueLoss.sum": {
            "value": 7339.911326090495,
            "min": 1557.4417826334636,
            "max": 28850.463948567707,
            "count": 67
        },
        "CharacterBBehavior.Policy.LearningRate.mean": {
            "value": 2.227599257500004e-06,
            "min": 2.227599257500004e-06,
            "max": 0.00020890503036500002,
            "count": 67
        },
        "CharacterBBehavior.Policy.LearningRate.sum": {
            "value": 2.227599257500004e-06,
            "min": 2.227599257500004e-06,
            "max": 0.00020890503036500002,
            "count": 67
        },
        "CharacterBBehavior.Policy.Epsilon.mean": {
            "value": 0.10074250000000001,
            "min": 0.10074250000000001,
            "max": 0.169635,
            "count": 67
        },
        "CharacterBBehavior.Policy.Epsilon.sum": {
            "value": 0.10074250000000001,
            "min": 0.10074250000000001,
            "max": 0.169635,
            "count": 67
        },
        "CharacterBBehavior.Policy.Beta.mean": {
            "value": 4.705075000000008e-05,
            "min": 4.705075000000008e-05,
            "max": 0.0034847865000000003,
            "count": 67
        },
        "CharacterBBehavior.Policy.Beta.sum": {
            "value": 4.705075000000008e-05,
            "min": 4.705075000000008e-05,
            "max": 0.0034847865000000003,
            "count": 67
        },
        "CharacterABehavior.Losses.PolicyLoss.mean": {
            "value": 0.04380709904944524,
            "min": 0.03038720416467792,
            "max": 0.06277712219161913,
            "count": 67
        },
        "CharacterABehavior.Losses.PolicyLoss.sum": {
            "value": 0.04380709904944524,
            "min": 0.03038720416467792,
            "max": 0.06277712219161913,
            "count": 67
        },
        "CharacterABehavior.Losses.ValueLoss.mean": {
            "value": 11683.847188313803,
            "min": 3141.0992991129556,
            "max": 40403.039713541664,
            "count": 67
        },
        "CharacterABehavior.Losses.ValueLoss.sum": {
            "value": 11683.847188313803,
            "min": 3141.0992991129556,
            "max": 40403.039713541664,
            "count": 67
        },
        "CharacterABehavior.Policy.LearningRate.mean": {
            "value": 2.227599257500004e-06,
            "min": 2.227599257500004e-06,
            "max": 0.00020890503036500002,
            "count": 67
        },
        "CharacterABehavior.Policy.LearningRate.sum": {
            "value": 2.227599257500004e-06,
            "min": 2.227599257500004e-06,
            "max": 0.00020890503036500002,
            "count": 67
        },
        "CharacterABehavior.Policy.Epsilon.mean": {
            "value": 0.10074250000000001,
            "min": 0.10074250000000001,
            "max": 0.169635,
            "count": 67
        },
        "CharacterABehavior.Policy.Epsilon.sum": {
            "value": 0.10074250000000001,
            "min": 0.10074250000000001,
            "max": 0.169635,
            "count": 67
        },
        "CharacterABehavior.Policy.Beta.mean": {
            "value": 4.705075000000008e-05,
            "min": 4.705075000000008e-05,
            "max": 0.0034847865000000003,
            "count": 67
        },
        "CharacterABehavior.Policy.Beta.sum": {
            "value": 4.705075000000008e-05,
            "min": 4.705075000000008e-05,
            "max": 0.0034847865000000003,
            "count": 67
        },
        "CharacterBBehavior.Environment.EpisodeLength.mean": {
            "value": 1126.0,
            "min": 228.0,
            "max": 3582.0,
            "count": 89
        },
        "CharacterBBehavior.Environment.EpisodeLength.sum": {
            "value": 3378.0,
            "min": 228.0,
            "max": 6392.0,
            "count": 89
        },
        "CharacterBBehavior.Environment.CumulativeReward.mean": {
            "value": -197.55964950968823,
            "min": -2945.2478760033846,
            "max": 1726.0727505385876,
            "count": 90
        },
        "CharacterBBehavior.Environment.CumulativeReward.sum": {
            "value": -592.6789485290647,
            "min": -2945.2478760033846,
            "max": 2712.3228501826525,