{
    "name": "root",
    "gauges": {
        "CharacterBBehavior.Policy.Entropy.mean": {
            "value": 2.445350408554077,
            "min": 2.444340705871582,
            "max": 2.4818308353424072,
            "count": 22
        },
        "CharacterBBehavior.Policy.Entropy.sum": {
            "value": 469.50726318359375,
            "min": 469.31341552734375,
            "max": 633.4910888671875,
            "count": 22
        },
        "CharacterBBehavior.Step.mean": {
            "value": 4365.0,
            "min": 192.0,
            "max": 4365.0,
            "count": 22
        },
        "CharacterBBehavior.Step.sum": {
            "value": 4365.0,
            "min": 192.0,
            "max": 4365.0,
            "count": 22
        },
        "CharacterBBehavior.Policy.ExtrinsicValueEstimate.mean": {
            "value": -11.95852279663086,
            "min": -11.95852279663086,
            "max": 2.610398292541504,
            "count": 22
        },
        "CharacterBBehavior.Policy.ExtrinsicValueEstimate.sum": {
            "value": -35.87556838989258,
            "min": -35.87556838989258,
            "max": 7.831194877624512,
            "count": 22
        },
        "CharacterBBehavior.IsTraining.mean": {
            "value": 1.0,
            "min": 1.0,
            "max": 1.0,
            "count": 22
        },
        "CharacterBBehavior.IsTraining.sum": {
            "value": 1.0,
            "min": 1.0,
            "max": 1.0,
            "count": 22
        },
        "CharacterABehavior.Policy.Entropy.mean": {
            "value": 2.43507719039917,
            "min": 2.4249825477600098,
            "max": 2.4800920486450195,
            "count": 22
        },
        "CharacterABehavior.Policy.Entropy.sum": {
            "value": 525.9766845703125,
            "min": 368.59735107421875,
            "max": 636.744140625,
            "count": 22
        },
        "CharacterABehavior.Step.mean": {
            "value": 4389.0,
            "min": 192.0,
            "max": 4389.0,
            "count": 22
        },
        "CharacterABehavior.Step.sum": {
            "value": 4389.0,
            "min": 192.0,
            "max": 4389.0,
            "count": 22
        },
        "CharacterABehavior.Policy.ExtrinsicValueEstimate.mean": {
            "value": 17.47749137878418,
            "min": -4.135705471038818,
            "max": 17.47749137878418,
            "count": 22
        },
        "CharacterABehavior.Policy.ExtrinsicValueEstimate.sum": {
            "value": 69.90996551513672,
            "min": -12.407115936279297,
            "max": 69.90996551513672,
            "count": 22
        },
        "CharacterABehavior.IsTraining.mean": {
            "value": 1.0,
            "min": 1.0,
            "max": 1.0,
            "count": 22
        },
        "CharacterABehavior.IsTraining.sum": {
            "value": 1.0,
            "min": 1.0,
            "max": 1.0,
            "count": 22
        },
        "CharacterABehavior.Environment.EpisodeLength.mean": {
            "value": 599.0,
            "min": 175.0,
            "max": 599.0,
            "count": 9
        },
        "CharacterABehavior.Environment.EpisodeLength.sum": {
            "value": 599.0,
            "min": 175.0,
            "max": 708.0,
            "count": 9
        },
        "CharacterBBehavior.Environment.EpisodeLength.mean": {
            "value": 283.0,
            "min": 283.0,
            "max": 985.0,
            "count": 5
        },
        "CharacterBBehavior.Environment.EpisodeLength.sum": {
            "value": 283.0,
            "min": 283.0,
            "max": 985.0,
            "count": 5
        },
        "CharacterBBehavior.Environment.CumulativeReward.mean": {
            "value": 1029.560008764267,
            "min": -1125.4999811649323,
            "max": 1029.560008764267,
            "count": 5
        },
        "CharacterBBehavior.Environment.CumulativeReward.sum": {
            "value": 1029.560008764267,
            "min": -1125.4999811649323,
            "max": 1029.560008764267,
            "count": 5
        },
        "CharacterBBehavior.Policy.ExtrinsicReward.mean": {
            "value": 1029.560008764267,
            "min": -1125.4999811649323,
            "max": 1029.560008764267,
            "count": 5
        },
        "CharacterBBehavior.Policy.ExtrinsicReward.sum": {
            "value": 1029.560008764267,
            "min": -1125.4999811649323,
            "max": 1029.560008764267,
            "count": 5
        },
        "CharacterABehavior.Environment.CumulativeReward.mean": {
            "value": -79.69000279903412,
            "min": -1169.2899856567383,
            "max": 1010.209997177124,
            "count": 8
        },
        "CharacterABehavior.Environment.CumulativeReward.sum": {
            "value": -79.69000279903412,
            "min": -1169.2899856567383,
            "max": 1036.8000667095184,
            "count": 8
        },
        "CharacterABehavior.Policy.ExtrinsicReward.mean": {
            "value": -79.69000279903412,
            "min": -1169.2899856567383,
            "max": 1010.209997177124,
            "count": 8
        },
        "CharacterABehavior.Policy.ExtrinsicReward.sum": {
            "value": -79.69000279903412,
            "min": -1169.2899856567383,
            "max": 1036.8000667095184,
            "count": 8
        },
        "CharacterBBehavior.Losses.PolicyLoss.mean": {
            "value": 0.09611487541891013,
            "min": 0.09611487541891013,
            "max": 0.10165070127307747,
            "count": 2
        },
        "CharacterBBehavior.Losses.PolicyLoss.sum": {
            "value": 0.09611487541891013,
            "min": 0.09611487541891013,
            "max": 0.10165070127307747,
            "count": 2
        },
        "CharacterBBehavior.Losses.ValueLoss.mean": {
            "value": 10090.91201700767,
            "min": 5487.290184358756,
            "max": 10090.91201700767,
            "count": 2
        },
        "CharacterBBehavior.Losses.ValueLoss.sum": {
            "value": 10090.91201700767,
            "min": 5487.290184358756,
            "max": 10090.91201700767,
            "count": 2
        },
        "CharacterBBehavior.Policy.LearningRate.mean": {
            "value": 0.00025827001390999995,
            "min": 0.00025827001390999995,
            "max": 0.00027935000688333325,
            "count": 2
        },
        "CharacterBBehavior.Policy.LearningRate.sum": {
            "value": 0.00025827001390999995,
            "min": 0.00025827001390999995,
            "max": 0.00027935000688333325,
            "count": 2
        },
        "CharacterBBehavior.Policy.Epsilon.mean": {
            "value": 0.18609000000000006,
            "min": 0.18609000000000006,
            "max": 0.19311666666666663,
            "count": 2
        },
        "CharacterBBehavior.Policy.Epsilon.sum": {
            "value": 0.18609000000000006,
            "min": 0.18609000000000006,
            "max": 0.19311666666666663,
            "count": 2
        },
        "CharacterBBehavior.Policy.Beta.mean": {
            "value": 0.004305891,
            "min": 0.004305891,
            "max": 0.004656521666666666,
            "count": 2
        },
        "CharacterBBehavior.Policy.Beta.sum": {
            "value": 0.004305891,
            "min": 0.004305891,
            "max": 0.004656521666666666,
            "count": 2
        },
        "CharacterABehavior.Losses.PolicyLoss.mean": {
            "value": 0.09243284283244672,
            "min": 0.09243284283244672,
            "max": 0.09738926625959721,
            "count": 2
        },