{
    "name": "root",
    "gauges": {
        "MyBehavior.Policy.Entropy.mean": {
            "value": 2.4594600200653076,
            "min": 2.456991672515869,
            "max": 2.471231460571289,
            "count": 21
        },
        "MyBehavior.Policy.Entropy.sum": {
            "value": 442.70281982421875,
            "min": 394.82513427734375,
            "max": 773.1759033203125,
            "count": 21
        },
        "MyBehavior.Step.mean": {
            "value": 4192.0,
            "min": 182.0,
            "max": 4192.0,
            "count": 21
        },
        "MyBehavior.Step.sum": {
            "value": 4192.0,
            "min": 182.0,
            "max": 4192.0,
            "count": 21
        },
        "MyBehavior.Policy.ExtrinsicValueEstimate.mean": {
            "value": 14.347639083862305,
            "min": 0.701575756072998,
            "max": 14.347639083862305,
            "count": 21
        },
        "MyBehavior.Policy.ExtrinsicValueEstimate.sum": {
            "value": 71.73819732666016,
            "min": 2.806303024291992,
            "max": 71.73819732666016,
            "count": 21
        },
        "MyBehavior.Environment.EpisodeLength.mean": {
            "value": 89.0,
            "min": 75.5,
            "max": 125.0,
            "count": 21
        },
        "MyBehavior.Environment.EpisodeLength.sum": {
            "value": 178.0,
            "min": 158.0,
            "max": 302.0,
            "count": 21
        },
        "MyBehavior.Environment.CumulativeReward.mean": {
            "value": 134.5720329284668,
            "min": -190.04664866129556,
            "max": 441.0973358154297,
            "count": 21
        },
        "MyBehavior.Environment.CumulativeReward.sum": {
            "value": 269.1440658569336,
            "min": -570.1399459838867,
            "max": 1323.292007446289,
            "count": 21
        },
        "MyBehavior.Policy.ExtrinsicReward.mean": {
            "value": 134.5720329284668,
            "min": -190.04664866129556,
            "max": 441.0973358154297,
            "count": 21
        },
        "MyBehavior.Policy.ExtrinsicReward.sum": {
            "value": 269.1440658569336,
            "min": -570.1399459838867,
            "max": 1323.292007446289,
            "count": 21
        },
        "MyBehavior.IsTraining.mean": {
            "value": 1.0,
            "min": 1.0,
            "max": 1.0,
            "count": 21
        },
        "MyBehavior.IsTraining.sum": {
            "value": 1.0,
            "min": 1.0,
            "max": 1.0,
            "count": 21
        },
        "MyBehavior.Losses.PolicyLoss.mean": {
            "value": 0.09573779745551292,
            "min": 0.09573779745551292,
            "max": 0.09573779745551292,
            "count": 1
        },
        "MyBehavior.Losses.PolicyLoss.sum": {
            "value": 0.09573779745551292,
            "min": 0.09573779745551292,
            "max": 0.09573779745551292,
            "count": 1
        },
        "MyBehavior.Losses.ValueLoss.mean": {
            "value": 80274.24135335286,
            "min": 80274.24135335286,
            "max": 80274.24135335286,
            "count": 1
        },
        "MyBehavior.Losses.ValueLoss.sum": {
            "value": 80274.24135335286,
            "min": 80274.24135335286,
            "max": 80274.24135335286,
            "count": 1
        },
        "MyBehavior.Policy.LearningRate.mean": {
            "value": 0.00027918000694000003,
            "min": 0.00027918000694000003,
            "max": 0.00027918000694000003,
            "count": 1
        },
        "MyBehavior.Policy.LearningRate.sum": {
            "value": 0.00027918000694000003,
            "min": 0.00027918000694000003,
            "max": 0.00027918000694000003,
            "count": 1
        },
        "MyBehavior.Policy.Epsilon.mean": {
            "value": 0.19306,
            "min": 0.19306,
            "max": 0.19306,
            "count": 1
        },
        "MyBehavior.Policy.Epsilon.sum": {
            "value": 0.19306,
            "min": 0.19306,
            "max": 0.19306,
            "count": 1
        },
        "MyBehavior.Policy.Beta.mean": {
            "value": 0.004653694,
            "min": 0.004653694,
            "max": 0.004653694,
            "count": 1
        },
        "MyBehavior.Policy.Beta.sum": {
            "value": 0.004653694,
            "min": 0.004653694,
            "max": 0.004653694,
            "count": 1
        }
    },
    "metadata": {
        "timer_format_version": "0.1.0",
        "start_time_seconds": "1761910457",
        "python_version": "3.10.1 (tags/v3.10.1:2cd268a, Dec  6 2021, 19:10:37) [MSC v.1929 64 bit (AMD64)]",
        "command_line_arguments": "C:\\Users\\49469\\AppData\\Local\\Programs\\Python\\Python310\\Scripts\\mlagents-learn config.yaml --run-id=DontDown19",
        "mlagents_version": "1.1.0",
        "mlagents_envs_version": "1.1.0",
        "communication_protocol_version": "1.5.0",
        "pytorch_version": "1.12.1+cpu",
        "numpy_version": "1.23.5",
        "end_time_seconds": "1761910576"
    },
    "total": 118.78458909999608,
    "count": 1,
    "self": 0.034798599997884594,
    "children": {
        "run_training.setup": {
            "total": 0.161931700000423,
            "count": 1,
            "self": 0.161931700000423
        },
        "TrainerController.start_learning": {
            "total": 118.58785879999778,
            "count": 1,
            "self": 0.06436120021680836,
            "children": {
                "TrainerController._reset_env": {
                    "total": 19.664721199995256,
                    "count": 1,
                    "self": 19.664721199995256
                },
                "TrainerController.advance": {
                    "total": 98.31191379978554,
                    "count": 2153,
                    "self": 0.06266949963173829,
                    "children": {
                        "env_step": {
                            "total": 94.07663670008333,
                            "count": 2153,
                            "self": 88.48526240002684,
                            "children": {
                                "SubprocessEnvManager._take_step": {
                                    "total": 5.54951139982586,
                                    "count": 2153,
                                    "self": 0.18111749990202952,
                                    "children": {
                                        "TorchPolicy.evaluate": {
                                            "total": 5.368393899923831,
                                            "count": 2131,
                                            "self": 5.368393899923831
                                        }
                                    }
                                },
                                "workers": {
                                    "total": 0.04186290023062611,
                                    "count": 2152,
                                    "self": 0.0,
                                    "children": {
                                        "worker_root": {
                                            "total": 34.39728339991416,
                                            "count": 2152,
                                            "is_parallel": true,
                                            "self": 13.273844199917221,
                                            "children": {
                                                "steps_from_proto": {
                                                    "total": 0.0006587000025319867,
                                                    "count": 1,