{
    "name": "root",
    "gauges": {
        "CharacterABehavior.Policy.Entropy.mean": {
            "value": 3.0560240745544434,
            "min": 2.916393756866455,
            "max": 3.1692702770233154,
            "count": 150
        },
        "CharacterABehavior.Policy.Entropy.sum": {
            "value": 608.1488037109375,
            "min": 428.6629638671875,
            "max": 807.7523803710938,
            "count": 150
        },
        "CharacterABehavior.Step.mean": {
            "value": 29978.0,
            "min": 192.0,
            "max": 29978.0,
            "count": 150
        },
        "CharacterABehavior.Step.sum": {
            "value": 29978.0,
            "min": 192.0,
            "max": 29978.0,
            "count": 150
        },
        "CharacterABehavior.Policy.ExtrinsicValueEstimate.mean": {
            "value": 0.9748532772064209,
            "min": -129.74920654296875,
            "max": 76.59066009521484,
            "count": 150
        },
        "CharacterABehavior.Policy.ExtrinsicValueEstimate.sum": {
            "value": 3.8994131088256836,
            "min": -457.91217041015625,
            "max": 229.77198791503906,
            "count": 150
        },
        "CharacterABehavior.IsTraining.mean": {
            "value": 1.0,
            "min": 1.0,
            "max": 1.0,
            "count": 150
        },
        "CharacterABehavior.IsTraining.sum": {
            "value": 1.0,
            "min": 1.0,
            "max": 1.0,
            "count": 150
        },
        "CharacterBBehavior.Policy.Entropy.mean": {
            "value": 3.068492889404297,
            "min": 2.9146454334259033,
            "max": 3.1711413860321045,
            "count": 150
        },
        "CharacterBBehavior.Policy.Entropy.sum": {
            "value": 610.6300659179688,
            "min": 416.24700927734375,
            "max": 805.8448486328125,
            "count": 150
        },
        "CharacterBBehavior.Step.mean": {
            "value": 29978.0,
            "min": 192.0,
            "max": 29978.0,
            "count": 150
        },
        "CharacterBBehavior.Step.sum": {
            "value": 29978.0,
            "min": 192.0,
            "max": 29978.0,
            "count": 150
        },
        "CharacterBBehavior.Policy.ExtrinsicValueEstimate.mean": {
            "value": -39.870445251464844,
            "min": -139.6822967529297,
            "max": 91.08794403076172,
            "count": 150
        },
        "CharacterBBehavior.Policy.ExtrinsicValueEstimate.sum": {
            "value": -159.48178100585938,
            "min": -436.35546875,
            "max": 289.2599792480469,
            "count": 150
        },
        "CharacterBBehavior.IsTraining.mean": {
            "value": 1.0,
            "min": 1.0,
            "max": 1.0,
            "count": 150
        },
        "CharacterBBehavior.IsTraining.sum": {
            "value": 1.0,
            "min": 1.0,
            "max": 1.0,
            "count": 150
        },
        "CharacterABehavior.Environment.EpisodeLength.mean": {
            "value": 966.0,
            "min": 178.0,
            "max": 1587.0,
            "count": 52
        },
        "CharacterABehavior.Environment.EpisodeLength.sum": {
            "value": 966.0,
            "min": 178.0,
            "max": 1587.0,
            "count": 52
        },
        "CharacterABehavior.Environment.CumulativeReward.mean": {
            "value": 1000.0,
            "min": -1000.0,
            "max": 1000.0,
            "count": 51
        },
        "CharacterABehavior.Environment.CumulativeReward.sum": {
            "value": 1000.0,
            "min": -2000.0,
            "max": 1000.0,
            "count": 51
        },
        "CharacterABehavior.Policy.ExtrinsicReward.mean": {
            "value": 1000.0,
            "min": -1000.0,
            "max": 1000.0,
            "count": 51
        },
        "CharacterABehavior.Policy.ExtrinsicReward.sum": {
            "value": 1000.0,
            "min": -2000.0,
            "max": 1000.0,
            "count": 51
        },
        "CharacterBBehavior.Environment.EpisodeLength.mean": {
            "value": 966.0,
            "min": 178.0,
            "max": 1587.0,
            "count": 52
        },
        "CharacterBBehavior.Environment.EpisodeLength.sum": {
            "value": 966.0,
            "min": 178.0,
            "max": 1587.0,
            "count": 52
        },
        "CharacterBBehavior.Environment.CumulativeReward.mean": {
            "value": -1606.2900722324848,
            "min": -1906.1398801505566,
            "max": 1096.640002310276,
            "count": 51
        },
        "CharacterBBehavior.Environment.CumulativeReward.sum": {
            "value": -1606.2900722324848,
            "min": -1906.1398801505566,
            "max": 1397.760056167841,
            "count": 51
        },
        "CharacterBBehavior.Policy.ExtrinsicReward.mean": {
            "value": -1606.2900722324848,
            "min": -1906.1398801505566,
            "max": 1096.640002310276,
            "count": 51
        },
        "CharacterBBehavior.Policy.ExtrinsicReward.sum": {
            "value": -1606.2900722324848,
            "min": -1906.1398801505566,
            "max": 1397.760056167841,
            "count": 51
        },
        "CharacterABehavior.Losses.PolicyLoss.mean": {
            "value": 0.09821451418611105,
            "min": 0.08678684372474284,
            "max": 0.10878018600245316,
            "count": 14
        },
        "CharacterABehavior.Losses.PolicyLoss.sum": {
            "value": 0.09821451418611105,
            "min": 0.08678684372474284,
            "max": 0.10878018600245316,
            "count": 14
        },
        "CharacterABehavior.Losses.ValueLoss.mean": {
            "value": 13069.832029978434,
            "min": 3945.8194007873535,
            "max": 21223.905904134113,
            "count": 14
        },
        "CharacterABehavior.Losses.ValueLoss.sum": {
            "value": 13069.832029978434,
            "min": 3945.8194007873535,
            "max": 21223.905904134113,
            "count": 14
        },
        "CharacterABehavior.Policy.LearningRate.mean": {
            "value": 9.890096703333343e-06,
            "min": 9.890096703333343e-06,
            "max": 0.0002791300069566667,
            "count": 14
        },
        "CharacterABehavior.Policy.LearningRate.sum": {
            "value": 9.890096703333343e-06,
            "min": 9.890096703333343e-06,
            "max": 0.0002791300069566667,
            "count": 14
        },
        "CharacterABehavior.Policy.Epsilon.mean": {
            "value": 0.10329666666666666,
            "min": 0.10329666666666666,
            "max": 0.19304333333333332,
            "count": 14
        },
        "CharacterABehavior.Policy.Epsilon.sum": {
            "value": 0.10329666666666666,
            "min": 0.10329666666666666,
            "max": 0.19304333333333332,
            "count": 14
        },
        "CharacterABehavior.Policy.Beta.mean": {
            "value": 0.00017450366666666684,
            "min": 0.00017450366666666684,
            "max": 0.004652862333333334,
            "count": 14
        },
        "CharacterABehavior.Policy.Beta.sum": {
            "value": 0.00017450366666666684,
            "min": 0.00017450366666666684,
            "max": 0.004652862333333334,
            "count": 14
        },
        "CharacterBBehavior.Losses.PolicyLoss.mean": {
            "value": 0.09469447667167212,
            "min": 0.0859235391447631,
            "max": 0.10892894213611726,
            "count": 14
        },
        "CharacterBBehavior.Losses.PolicyLoss.sum": {
            "value": 0.09469447667167212,