{
    "name": "root",
    "gauges": {
        "CharacterABehavior.Policy.Entropy.mean": {
            "value": 2.484557867050171,
            "min": 2.3426671028137207,
            "max": 2.653254270553589,
            "count": 300
        },
        "CharacterABehavior.Policy.Entropy.sum": {
            "value": 2400.0830078125,
            "min": 2155.044921875,
            "max": 3159.88134765625,
            "count": 300
        },
        "CharacterABehavior.Environment.EpisodeLength.mean": {
            "value": 955.6666666666666,
            "min": 60.666666666666664,
            "max": 2885.5,
            "count": 224
        },
        "CharacterABehavior.Environment.EpisodeLength.sum": {
            "value": 2867.0,
            "min": 65.0,
            "max": 5771.0,
            "count": 224
        },
        "CharacterABehavior.Step.mean": {
            "value": 299971.0,
            "min": 946.0,
            "max": 299971.0,
            "count": 300
        },
        "CharacterABehavior.Step.sum": {
            "value": 299971.0,
            "min": 946.0,
            "max": 299971.0,
            "count": 300
        },
        "CharacterABehavior.Policy.ExtrinsicValueEstimate.mean": {
            "value": -6.97320032119751,
            "min": -8.13640022277832,
            "max": -0.3378196358680725,
            "count": 300
        },
        "CharacterABehavior.Policy.ExtrinsicValueEstimate.sum": {
            "value": -118.54440307617188,
            "min": -141.89175415039062,
            "max": -6.080753326416016,
            "count": 300
        },
        "CharacterABehavior.Environment.CumulativeReward.mean": {
            "value": -4746.947058846553,
            "min": -12045.205750502646,
            "max": 10527.163935083896,
            "count": 222
        },
        "CharacterABehavior.Environment.CumulativeReward.sum": {
            "value": -14240.84117653966,
            "min": -72004.45700609684,
            "max": 28463.41153316945,
            "count": 222
        },
        "CharacterABehavior.Policy.ExtrinsicReward.mean": {
            "value": -4746.947058846553,
            "min": -12045.205750502646,
            "max": 10527.163935083896,
            "count": 222
        },
        "CharacterABehavior.Policy.ExtrinsicReward.sum": {
            "value": -14240.84117653966,
            "min": -72004.45700609684,
            "max": 28463.41153316945,
            "count": 222
        },
        "CharacterABehavior.IsTraining.mean": {
            "value": 1.0,
            "min": 1.0,
            "max": 1.0,
            "count": 300
        },
        "CharacterABehavior.IsTraining.sum": {
            "value": 1.0,
            "min": 1.0,
            "max": 1.0,
            "count": 300
        },
        "CharacterBBehavior.Policy.Entropy.mean": {
            "value": 2.6381373405456543,
            "min": 2.3947536945343018,
            "max": 2.713592290878296,
            "count": 300
        },
        "CharacterBBehavior.Policy.Entropy.sum": {
            "value": 2548.440673828125,
            "min": 2208.587646484375,
            "max": 3240.466796875,
            "count": 300
        },
        "CharacterBBehavior.Environment.EpisodeLength.mean": {
            "value": 955.6666666666666,
            "min": 60.666666666666664,
            "max": 2885.5,
            "count": 224
        },
        "CharacterBBehavior.Environment.EpisodeLength.sum": {
            "value": 2867.0,
            "min": 65.0,
            "max": 5771.0,
            "count": 224
        },
        "CharacterBBehavior.Step.mean": {
            "value": 299971.0,
            "min": 946.0,
            "max": 299971.0,
            "count": 300
        },
        "CharacterBBehavior.Step.sum": {
            "value": 299971.0,
            "min": 946.0,
            "max": 299971.0,
            "count": 300
        },
        "CharacterBBehavior.Policy.ExtrinsicValueEstimate.mean": {
            "value": 3.1610255241394043,
            "min": -0.05714575946331024,
            "max": 4.567287921905518,
            "count": 300
        },
        "CharacterBBehavior.Policy.ExtrinsicValueEstimate.sum": {
            "value": 53.73743438720703,
            "min": -1.0286237001419067,
            "max": 77.51942443847656,
            "count": 300
        },
        "CharacterBBehavior.Environment.CumulativeReward.mean": {
            "value": 2609.5597029229007,
            "min": -14010.21412551403,
            "max": 10323.070205688477,
            "count": 222
        },
        "CharacterBBehavior.Environment.CumulativeReward.sum": {
            "value": 7828.679108768702,
            "min": -40464.708890520036,
            "max": 58995.830453813076,
            "count": 222
        },
        "CharacterBBehavior.Policy.ExtrinsicReward.mean": {
            "value": 2609.5597029229007,
            "min": -14010.21412551403,
            "max": 10323.070205688477,
            "count": 222
        },
        "CharacterBBehavior.Policy.ExtrinsicReward.sum": {
            "value": 7828.679108768702,
            "min": -40464.708890520036,
            "max": 58995.830453813076,
            "count": 222
        },
        "CharacterBBehavior.IsTraining.mean": {
            "value": 1.0,
            "min": 1.0,
            "max": 1.0,
            "count": 300
        },
        "CharacterBBehavior.IsTraining.sum": {
            "value": 1.0,
            "min": 1.0,
            "max": 1.0,
            "count": 300
        },
        "CharacterABehavior.Losses.PolicyLoss.mean": {
            "value": 0.22233297567193708,
            "min": 0.06799771946195203,
            "max": 0.2851626138823728,
            "count": 146
        },
        "CharacterABehavior.Losses.PolicyLoss.sum": {
            "value": 0.22233297567193708,
            "min": 0.06799771946195203,
            "max": 0.2851626138823728,
            "count": 146
        },
        "CharacterABehavior.Losses.ValueLoss.mean": {
            "value": 1457301.1603476703,
            "min": 94.77445700516303,
            "max": 5154632.520945231,
            "count": 146
        },
        "CharacterABehavior.Losses.ValueLoss.sum": {
            "value": 1457301.1603476703,
            "min": 94.77445700516303,
            "max": 5154632.520945231,
            "count": 146
        },
        "CharacterABehavior.Policy.LearningRate.mean": {
            "value": 3.3809988733334945e-07,
            "min": 3.3809988733334945e-07,
            "max": 0.00029806200064599994,
            "count": 146
        },
        "CharacterABehavior.Policy.LearningRate.sum": {
            "value": 3.3809988733334945e-07,
            "min": 3.3809988733334945e-07,
            "max": 0.00029806200064599994,
            "count": 146
        },
        "CharacterABehavior.Policy.Epsilon.mean": {
            "value": 0.10011266666666668,
            "min": 0.10011266666666668,
            "max": 0.199354,
            "count": 146
        },
        "CharacterABehavior.Policy.Epsilon.sum": {
            "value": 0.10011266666666668,
            "min": 0.10011266666666668,
            "max": 0.199354,
            "count": 146
        },
        "CharacterABehavior.Policy.Beta.mean": {
            "value": 1.5622066666666935e-05,
            "min": 1.5622066666666935e-05,
            "max": 0.0049677646,
            "count": 146
        },
        "CharacterABehavior.Policy.Beta.sum": {
            "value": 1.5622066666666935e-05,
            "min": 1.5622066666666935e-05,
            "max": 0.0049677646,
            "count": 146
        },
        "CharacterBBehavior.Losses.PolicyLoss.mean": {
            "value": 0.14370074523079288,
            "min": 0.05486636969726533,