{
    "name": "root",
    "gauges": {
        "CharacterBBehavior.Policy.Entropy.mean": {
            "value": 2.100534439086914,
            "min": 1.637232780456543,
            "max": 2.645754814147949,
            "count": 150
        },
        "CharacterBBehavior.Policy.Entropy.sum": {
            "value": 537.73681640625,
            "min": 306.56353759765625,
            "max": 677.313232421875,
            "count": 150
        },
        "CharacterBBehavior.Step.mean": {
            "value": 29995.0,
            "min": 192.0,
            "max": 29995.0,
            "count": 150
        },
        "CharacterBBehavior.Step.sum": {
            "value": 29995.0,
            "min": 192.0,
            "max": 29995.0,
            "count": 150
        },
        "CharacterBBehavior.Policy.ExtrinsicValueEstimate.mean": {
            "value": -17.030336380004883,
            "min": -71.4841079711914,
            "max": 61.972381591796875,
            "count": 150
        },
        "CharacterBBehavior.Policy.ExtrinsicValueEstimate.sum": {
            "value": -68.12134552001953,
            "min": -225.23045349121094,
            "max": 242.7589569091797,
            "count": 150
        },
        "CharacterBBehavior.IsTraining.mean": {
            "value": 1.0,
            "min": 1.0,
            "max": 1.0,
            "count": 150
        },
        "CharacterBBehavior.IsTraining.sum": {
            "value": 1.0,
            "min": 1.0,
            "max": 1.0,
            "count": 150
        },
        "CharacterABehavior.Policy.Entropy.mean": {
            "value": 1.808732271194458,
            "min": 1.7351399660110474,
            "max": 2.534242630004883,
            "count": 150
        },
        "CharacterABehavior.Policy.Entropy.sum": {
            "value": 463.03546142578125,
            "min": 302.0807189941406,
            "max": 530.4716796875,
            "count": 150
        },
        "CharacterABehavior.Step.mean": {
            "value": 29995.0,
            "min": 192.0,
            "max": 29995.0,
            "count": 150
        },
        "CharacterABehavior.Step.sum": {
            "value": 29995.0,
            "min": 192.0,
            "max": 29995.0,
            "count": 150
        },
        "CharacterABehavior.Policy.ExtrinsicValueEstimate.mean": {
            "value": -37.62178039550781,
            "min": -265.1160583496094,
            "max": 23.73213768005371,
            "count": 150
        },
        "CharacterABehavior.Policy.ExtrinsicValueEstimate.sum": {
            "value": -150.48712158203125,
            "min": -1042.325927734375,
            "max": 71.1964111328125,
            "count": 150
        },
        "CharacterABehavior.IsTraining.mean": {
            "value": 1.0,
            "min": 1.0,
            "max": 1.0,
            "count": 150
        },
        "CharacterABehavior.IsTraining.sum": {
            "value": 1.0,
            "min": 1.0,
            "max": 1.0,
            "count": 150
        },
        "CharacterBBehavior.Environment.EpisodeLength.mean": {
            "value": 2765.0,
            "min": 115.5,
            "max": 3566.0,
            "count": 21
        },
        "CharacterBBehavior.Environment.EpisodeLength.sum": {
            "value": 2765.0,
            "min": 183.0,
            "max": 3566.0,
            "count": 21
        },
        "CharacterBBehavior.Environment.CumulativeReward.mean": {
            "value": 1300.0,
            "min": -2815.0,
            "max": 1300.0,
            "count": 21
        },
        "CharacterBBehavior.Environment.CumulativeReward.sum": {
            "value": 1300.0,
            "min": -2815.0,
            "max": 2000.0,
            "count": 21
        },
        "CharacterBBehavior.Policy.ExtrinsicReward.mean": {
            "value": 1300.0,
            "min": -2815.0,
            "max": 1300.0,
            "count": 21
        },
        "CharacterBBehavior.Policy.ExtrinsicReward.sum": {
            "value": 1300.0,
            "min": -2815.0,
            "max": 2000.0,
            "count": 21
        },
        "CharacterABehavior.Environment.EpisodeLength.mean": {
            "value": 2765.0,
            "min": 115.5,
            "max": 3566.0,
            "count": 21
        },
        "CharacterABehavior.Environment.EpisodeLength.sum": {
            "value": 2765.0,
            "min": 183.0,
            "max": 3566.0,
            "count": 21
        },
        "CharacterABehavior.Environment.CumulativeReward.mean": {
            "value": -3682.740104690194,
            "min": -4599.134979248047,
            "max": 1007.2700165510178,
            "count": 21
        },
        "CharacterABehavior.Environment.CumulativeReward.sum": {
            "value": -3682.740104690194,
            "min": -9198.269958496094,
            "max": 1007.2700165510178,
            "count": 21
        },
        "CharacterABehavior.Policy.ExtrinsicReward.mean": {
            "value": -3682.740104690194,
            "min": -4599.134979248047,
            "max": 1007.2700165510178,
            "count": 21
        },
        "CharacterABehavior.Policy.ExtrinsicReward.sum": {
            "value": -3682.740104690194,
            "min": -9198.269958496094,
            "max": 1007.2700165510178,
            "count": 21
        },
        "CharacterBBehavior.Losses.PolicyLoss.mean": {
            "value": 0.09258649964370609,
            "min": 0.09045962063828483,
            "max": 0.10584341428087403,
            "count": 14
        },
        "CharacterBBehavior.Losses.PolicyLoss.sum": {
            "value": 0.09258649964370609,
            "min": 0.09045962063828483,
            "max": 0.10584341428087403,
            "count": 14
        },
        "CharacterBBehavior.Losses.ValueLoss.mean": {
            "value": 4613.258453369141,
            "min": 2277.79300265842,
            "max": 13222.525871515274,
            "count": 14
        },
        "CharacterBBehavior.Losses.ValueLoss.sum": {
            "value": 4613.258453369141,
            "min": 2277.79300265842,
            "max": 13222.525871515274,
            "count": 14
        },
        "CharacterBBehavior.Policy.LearningRate.mean": {
            "value": 8.37009721000001e-06,
            "min": 8.37009721000001e-06,
            "max": 0.0002789800070066667,
            "count": 14
        },
        "CharacterBBehavior.Policy.LearningRate.sum": {
            "value": 8.37009721000001e-06,
            "min": 8.37009721000001e-06,
            "max": 0.0002789800070066667,
            "count": 14
        },
        "CharacterBBehavior.Policy.Epsilon.mean": {
            "value": 0.10279,
            "min": 0.10279,
            "max": 0.19299333333333335,
            "count": 14
        },
        "CharacterBBehavior.Policy.Epsilon.sum": {
            "value": 0.10279,
            "min": 0.10279,
            "max": 0.19299333333333335,
            "count": 14
        },
        "CharacterBBehavior.Policy.Beta.mean": {
            "value": 0.0001492210000000002,
            "min": 0.0001492210000000002,
            "max": 0.004650367333333334,
            "count": 14
        },
        "CharacterBBehavior.Policy.Beta.sum": {
            "value": 0.0001492210000000002,
            "min": 0.0001492210000000002,
            "max": 0.004650367333333334,
            "count": 14
        },
        "CharacterABehavior.Losses.PolicyLoss.mean": {
            "value": 0.0963419536856236,
            "min": 0.08804685418241813,
            "max": 0.10738042407319881,
            "count": 14
        },
        "CharacterABehavior.Losses.PolicyLoss.sum": {
            "value": 0.0963419536856236,
            "min": 0.08804685418241813,