{
    "name": "root",
    "gauges": {
        "MyBehavior.Policy.Entropy.mean": {
            "value": 1.4100226163864136,
            "min": 1.4099769592285156,
            "max": 1.4326592683792114,
            "count": 250
        },
        "MyBehavior.Policy.Entropy.sum": {
            "value": 327.125244140625,
            "min": 210.14822387695312,
            "max": 366.7607727050781,
            "count": 250
        },
        "MyBehavior.Step.mean": {
            "value": 49997.0,
            "min": 192.0,
            "max": 49997.0,
            "count": 250
        },
        "MyBehavior.Step.sum": {
            "value": 49997.0,
            "min": 192.0,
            "max": 49997.0,
            "count": 250
        },
        "MyBehavior.Policy.ExtrinsicValueEstimate.mean": {
            "value": 75.74649047851562,
            "min": -12.316876411437988,
            "max": 116.14481353759766,
            "count": 250
        },
        "MyBehavior.Policy.ExtrinsicValueEstimate.sum": {
            "value": 757.4649047851562,
            "min": -49.26750564575195,
            "max": 917.3153076171875,
            "count": 250
        },
        "MyBehavior.IsTraining.mean": {
            "value": 1.0,
            "min": 1.0,
            "max": 1.0,
            "count": 250
        },
        "MyBehavior.IsTraining.sum": {
            "value": 1.0,
            "min": 1.0,
            "max": 1.0,
            "count": 250
        },
        "MyBehavior.Environment.EpisodeLength.mean": {
            "value": 24.77777777777778,
            "min": 5.333333333333333,
            "max": 599.0,
            "count": 132
        },
        "MyBehavior.Environment.EpisodeLength.sum": {
            "value": 223.0,
            "min": 16.0,
            "max": 822.0,
            "count": 132
        },
        "MyBehavior.Environment.CumulativeReward.mean": {
            "value": 99.88777919941478,
            "min": -102.68200182914734,
            "max": 99.96333312988281,
            "count": 132
        },
        "MyBehavior.Environment.CumulativeReward.sum": {
            "value": 898.990012794733,
            "min": -102.68200182914734,
            "max": 1199.0700073242188,
            "count": 132
        },
        "MyBehavior.Policy.ExtrinsicReward.mean": {
            "value": 99.88777919941478,
            "min": -102.68200182914734,
            "max": 99.96333312988281,
            "count": 132
        },
        "MyBehavior.Policy.ExtrinsicReward.sum": {
            "value": 898.990012794733,
            "min": -102.68200182914734,
            "max": 1199.0700073242188,
            "count": 132
        },
        "MyBehavior.Losses.PolicyLoss.mean": {
            "value": 0.10165607966579653,
            "min": 0.07559530558501137,
            "max": 0.10772425018270344,
            "count": 24
        },
        "MyBehavior.Losses.PolicyLoss.sum": {
            "value": 0.10165607966579653,
            "min": 0.07559530558501137,
            "max": 0.10772425018270344,
            "count": 24
        },
        "MyBehavior.Losses.ValueLoss.mean": {
            "value": 156.96831067403158,
            "min": 0.6267293333075941,
            "max": 181.58647274971008,
            "count": 24
        },
        "MyBehavior.Losses.ValueLoss.sum": {
            "value": 156.96831067403158,
            "min": 0.6267293333075941,
            "max": 181.58647274971008,
            "count": 24
        },
        "MyBehavior.Policy.LearningRate.mean": {
            "value": 1.4520995159999862e-06,
            "min": 1.4520995159999862e-06,
            "max": 0.000287688004104,
            "count": 24
        },
        "MyBehavior.Policy.LearningRate.sum": {
            "value": 1.4520995159999862e-06,
            "min": 1.4520995159999862e-06,
            "max": 0.000287688004104,
            "count": 24
        },
        "MyBehavior.Policy.Epsilon.mean": {
            "value": 0.100484,
            "min": 0.100484,
            "max": 0.19589600000000004,
            "count": 24
        },
        "MyBehavior.Policy.Epsilon.sum": {
            "value": 0.100484,
            "min": 0.100484,
            "max": 0.19589600000000004,
            "count": 24
        },
        "MyBehavior.Policy.Beta.mean": {
            "value": 3.415159999999978e-05,
            "min": 3.415159999999978e-05,
            "max": 0.0047952104,
            "count": 24
        },
        "MyBehavior.Policy.Beta.sum": {
            "value": 3.415159999999978e-05,
            "min": 3.415159999999978e-05,
            "max": 0.0047952104,
            "count": 24
        }
    },
    "metadata": {
        "timer_format_version": "0.1.0",
        "start_time_seconds": "1761708969",
        "python_version": "3.10.1 (tags/v3.10.1:2cd268a, Dec  6 2021, 19:10:37) [MSC v.1929 64 bit (AMD64)]",
        "command_line_arguments": "C:\\Users\\49469\\AppData\\Local\\Programs\\Python\\Python310\\Scripts\\mlagents-learn config.yaml --run-id=TestRun12312",
        "mlagents_version": "1.1.0",
        "mlagents_envs_version": "1.1.0",
        "communication_protocol_version": "1.5.0",
        "pytorch_version": "1.12.1+cpu",
        "numpy_version": "1.23.5",
        "end_time_seconds": "1761709407"
    },
    "total": 437.8149235000001,
    "count": 1,
    "self": 0.016086500000710657,
    "children": {
        "run_training.setup": {
            "total": 0.07343719999971654,
            "count": 1,
            "self": 0.07343719999971654
        },
        "TrainerController.start_learning": {
            "total": 437.72539979999965,
            "count": 1,
            "self": 0.9983170000468817,
            "children": {
                "TrainerController._reset_env": {
                    "total": 2.801240499999949,
                    "count": 1,
                    "self": 2.801240499999949
                },
                "TrainerController.advance": {
                    "total": 433.73666199995296,
                    "count": 50396,
                    "self": 0.877516699840271,
                    "children": {
                        "env_step": {
                            "total": 409.614137600156,
                            "count": 50396,
                            "self": 340.29534819994933,
                            "children": {
                                "SubprocessEnvManager._take_step": {
                                    "total": 68.67348950005453,
                                    "count": 50396,
                                    "self": 2.6352054999761094,
                                    "children": {
                                        "TorchPolicy.evaluate": {
                                            "total": 66.03828400007842,
                                            "count": 50050,
                                            "self": 66.03828400007842
                                        }
                                    }
                                },
                                "workers": {
                                    "total": 0.6452999001521675,
                                    "count": 50396,
                                    "self": 0.0,
                                    "children": {
                                        "worker_root": {
                                            "total": 433.1043770999504,
                                            "count": 50396,
                                            "is_parallel": true,
                                            "self": 144.4644452000557,