{
    "name": "root",
    "metadata": {
        "timer_format_version": "0.1.0",
        "start_time_seconds": "1761667493",
        "python_version": "3.10.1 (tags/v3.10.1:2cd268a, Dec  6 2021, 19:10:37) [MSC v.1929 64 bit (AMD64)]",
        "command_line_arguments": "C:\\Users\\49469\\AppData\\Local\\Programs\\Python\\Python310\\Scripts\\mlagents-learn config.yaml --run-id=TestRun4",
        "mlagents_version": "1.1.0",
        "mlagents_envs_version": "1.1.0",
        "communication_protocol_version": "1.5.0",
        "pytorch_version": "2.9.0+cpu",
        "numpy_version": "1.23.5",
        "end_time_seconds": "1761667747"
    },
    "total": 254.02869389999978,
    "count": 1,
    "self": 0.003633099997387035,
    "children": {
        "run_training.setup": {
            "total": 0.13708860000042478,
            "count": 1,
            "self": 0.13708860000042478
        },
        "TrainerController.start_learning": {
            "total": 253.88797220000197,
            "count": 1,
            "self": 0.00045360000149230473,
            "children": {
                "TrainerController._reset_env": {
                    "total": 14.28936640000029,
                    "count": 1,
                    "self": 14.28936640000029
                },
                "TrainerController.advance": {
                    "total": 239.5855847999992,
                    "count": 1,
                    "self": 2.1199997718213126e-05,
                    "children": {
                        "env_step": {
                            "total": 239.58556360000148,
                            "count": 1,
                            "self": 239.58483700000215,
                            "children": {
                                "SubprocessEnvManager._take_step": {
                                    "total": 0.0007265999993251171,
                                    "count": 1,
                                    "self": 0.0007265999993251171
                                }
                            }
                        }
                    }
                },
                "TrainerController._save_models": {
                    "total": 0.012567400000989437,
                    "count": 1,
                    "self": 2.8700000257231295e-05,
                    "children": {
                        "RLTrainer._checkpoint": {
                            "total": 0.012538700000732206,
                            "count": 1,
                            "self": 0.012538700000732206
                        }
                    }
                }
            }
        }
    }
}