{
    "name": "root",
    "gauges": {
        "CharacterABehavior.Policy.Entropy.mean": {
            "value": 3.1716206073760986,
            "min": 2.921785593032837,
            "max": 3.458224058151245,
            "count": 324
        },
        "CharacterABehavior.Policy.Entropy.sum": {
            "value": 2917.890869140625,
            "min": 2288.387451171875,
            "max": 4404.5419921875,
            "count": 324
        },
        "CharacterABehavior.Environment.EpisodeLength.mean": {
            "value": 197.0,
            "min": 46.666666666666664,
            "max": 6818.666666666667,
            "count": 322
        },
        "CharacterABehavior.Environment.EpisodeLength.sum": {
            "value": 1379.0,
            "min": 50.0,
            "max": 20907.0,
            "count": 322
        },
        "CharacterABehavior.Step.mean": {
            "value": 323972.0,
            "min": 949.0,
            "max": 323972.0,
            "count": 324
        },
        "CharacterABehavior.Step.sum": {
            "value": 323972.0,
            "min": 949.0,
            "max": 323972.0,
            "count": 324
        },
        "CharacterABehavior.Policy.ExtrinsicValueEstimate.mean": {
            "value": -34.442352294921875,
            "min": -34.442352294921875,
            "max": 0.1762937307357788,
            "count": 324
        },
        "CharacterABehavior.Policy.ExtrinsicValueEstimate.sum": {
            "value": -551.07763671875,
            "min": -678.7380981445312,
            "max": 2.820699691772461,
            "count": 324
        },
        "CharacterABehavior.Environment.CumulativeReward.mean": {
            "value": 10203.39476776123,
            "min": -26197.273502349854,
            "max": 10253.5869140625,
            "count": 322
        },
        "CharacterABehavior.Environment.CumulativeReward.sum": {
            "value": 10203.39476776123,
            "min": -89372.02406811714,
            "max": 56356.15155029297,
            "count": 322
        },
        "CharacterABehavior.Policy.ExtrinsicReward.mean": {
            "value": 10203.39476776123,
            "min": -26197.273502349854,
            "max": 10253.5869140625,
            "count": 322
        },
        "CharacterABehavior.Policy.ExtrinsicReward.sum": {
            "value": 10203.39476776123,
            "min": -89372.02406811714,
            "max": 56356.15155029297,
            "count": 322
        },
        "CharacterABehavior.IsTraining.mean": {
            "value": 1.0,
            "min": 1.0,
            "max": 1.0,
            "count": 324
        },
        "CharacterABehavior.IsTraining.sum": {
            "value": 1.0,
            "min": 1.0,
            "max": 1.0,
            "count": 324
        },
        "CharacterBBehavior.Policy.Entropy.mean": {
            "value": 3.195516347885132,
            "min": 3.066976547241211,
            "max": 3.637807846069336,
            "count": 324
        },
        "CharacterBBehavior.Policy.Entropy.sum": {
            "value": 2939.875,
            "min": 2348.5888671875,
            "max": 4360.6708984375,
            "count": 324
        },
        "CharacterBBehavior.Environment.EpisodeLength.mean": {
            "value": 197.0,
            "min": 46.666666666666664,
            "max": 6818.666666666667,
            "count": 322
        },
        "CharacterBBehavior.Environment.EpisodeLength.sum": {
            "value": 1379.0,
            "min": 50.0,
            "max": 20907.0,
            "count": 322
        },
        "CharacterBBehavior.Step.mean": {
            "value": 323972.0,
            "min": 949.0,
            "max": 323972.0,
            "count": 324
        },
        "CharacterBBehavior.Step.sum": {
            "value": 323972.0,
            "min": 949.0,
            "max": 323972.0,
            "count": 324
        },
        "CharacterBBehavior.Policy.ExtrinsicValueEstimate.mean": {
            "value": -1.073850154876709,
            "min": -7.358489990234375,
            "max": 6.756009578704834,
            "count": 324
        },
        "CharacterBBehavior.Policy.ExtrinsicValueEstimate.sum": {
            "value": -17.181602478027344,
            "min": -134.38148498535156,
            "max": 135.62850952148438,
            "count": 324
        },
        "CharacterBBehavior.Environment.CumulativeReward.mean": {
            "value": -13550.224365234375,
            "min": -19712.94707139333,
            "max": 10083.686897277832,
            "count": 322
        },
        "CharacterBBehavior.Environment.CumulativeReward.sum": {
            "value": -13550.224365234375,
            "min": -81096.61316108704,
            "max": 56035.4425201416,
            "count": 322
        },
        "CharacterBBehavior.Policy.ExtrinsicReward.mean": {
            "value": -13550.224365234375,
            "min": -19712.94707139333,
            "max": 10083.686897277832,
            "count": 322
        },
        "CharacterBBehavior.Policy.ExtrinsicReward.sum": {
            "value": -13550.224365234375,
            "min": -81096.61316108704,
            "max": 56035.4425201416,
            "count": 322
        },
        "CharacterBBehavior.IsTraining.mean": {
            "value": 1.0,
            "min": 1.0,
            "max": 1.0,
            "count": 324
        },
        "CharacterBBehavior.IsTraining.sum": {
            "value": 1.0,
            "min": 1.0,
            "max": 1.0,
            "count": 324
        },
        "CharacterABehavior.Losses.PolicyLoss.mean": {
            "value": 0.27489660897602636,
            "min": 0.13645429162230963,
            "max": 0.32039413833990693,
            "count": 165
        },
        "CharacterABehavior.Losses.PolicyLoss.sum": {
            "value": 0.27489660897602636,
            "min": 0.13645429162230963,
            "max": 0.32039413833990693,
            "count": 165
        },
        "CharacterABehavior.Losses.ValueLoss.mean": {
            "value": 3466994.9865315757,
            "min": 1350146.7797749836,
            "max": 8295657.005208333,
            "count": 165
        },
        "CharacterABehavior.Losses.ValueLoss.sum": {
            "value": 3466994.9865315757,
            "min": 1350146.7797749836,
            "max": 8295657.005208333,
            "count": 165
        },
        "CharacterABehavior.Policy.LearningRate.mean": {
            "value": 0.00020334063221980002,
            "min": 0.00020334063221980002,
            "max": 0.00029943090018969996,
            "count": 165
        },
        "CharacterABehavior.Policy.LearningRate.sum": {
            "value": 0.00020334063221980002,
            "min": 0.00020334063221980002,
            "max": 0.00029943090018969996,
            "count": 165
        },
        "CharacterABehavior.Policy.Epsilon.mean": {
            "value": 0.16778020000000002,
            "min": 0.16778020000000002,
            "max": 0.1998103,
            "count": 165
        },
        "CharacterABehavior.Policy.Epsilon.sum": {
            "value": 0.16778020000000002,
            "min": 0.16778020000000002,
            "max": 0.1998103,
            "count": 165
        },
        "CharacterABehavior.Policy.Beta.mean": {
            "value": 0.0033922319800000003,
            "min": 0.0033922319800000003,
            "max": 0.00499053397,
            "count": 165
        },
        "CharacterABehavior.Policy.Beta.sum": {
            "value": 0.0033922319800000003,
            "min": 0.0033922319800000003,
            "max": 0.00499053397,
            "count": 165
        },
        "CharacterBBehavior.Losses.PolicyLoss.mean": {
            "value": 0.2385441173100844,
            "min": 0.12438314640894532,