{
    "name": "root",
    "gauges": {
        "CharacterABehavior.Policy.Entropy.mean": {
            "value": 2.9641878604888916,
            "min": 2.896000623703003,
            "max": 3.153809070587158,
            "count": 150
        },
        "CharacterABehavior.Policy.Entropy.sum": {
            "value": 569.1240844726562,
            "min": 474.24530029296875,
            "max": 810.2774658203125,
            "count": 150
        },
        "CharacterABehavior.Environment.EpisodeLength.mean": {
            "value": 2579.0,
            "min": 38.0,
            "max": 2579.0,
            "count": 63
        },
        "CharacterABehavior.Environment.EpisodeLength.sum": {
            "value": 2579.0,
            "min": 38.0,
            "max": 2579.0,
            "count": 63
        },
        "CharacterABehavior.Step.mean": {
            "value": 29976.0,
            "min": 167.0,
            "max": 29976.0,
            "count": 150
        },
        "CharacterABehavior.Step.sum": {
            "value": 29976.0,
            "min": 167.0,
            "max": 29976.0,
            "count": 150
        },
        "CharacterABehavior.Policy.ExtrinsicValueEstimate.mean": {
            "value": -77.37175750732422,
            "min": -104.75739288330078,
            "max": 1.4576481580734253,
            "count": 150
        },
        "CharacterABehavior.Policy.ExtrinsicValueEstimate.sum": {
            "value": -232.11526489257812,
            "min": -419.0295715332031,
            "max": 4.680959701538086,
            "count": 150
        },
        "CharacterABehavior.Environment.CumulativeReward.mean": {
            "value": 608.639975965023,
            "min": -1598.2699584960938,
            "max": 1001.27001953125,
            "count": 63
        },
        "CharacterABehavior.Environment.CumulativeReward.sum": {
            "value": 608.639975965023,
            "min": -4761.360184669495,
            "max": 1558.7399625778198,
            "count": 63
        },
        "CharacterABehavior.Policy.ExtrinsicReward.mean": {
            "value": 608.639975965023,
            "min": -1598.2699584960938,
            "max": 1001.27001953125,
            "count": 63
        },
        "CharacterABehavior.Policy.ExtrinsicReward.sum": {
            "value": 608.639975965023,
            "min": -4761.360184669495,
            "max": 1558.7399625778198,
            "count": 63
        },
        "CharacterABehavior.IsTraining.mean": {
            "value": 1.0,
            "min": 1.0,
            "max": 1.0,
            "count": 150
        },
        "CharacterABehavior.IsTraining.sum": {
            "value": 1.0,
            "min": 1.0,
            "max": 1.0,
            "count": 150
        },
        "CharacterBBehavior.Policy.Entropy.mean": {
            "value": 2.9065067768096924,
            "min": 2.671729803085327,
            "max": 3.1522088050842285,
            "count": 150
        },
        "CharacterBBehavior.Policy.Entropy.sum": {
            "value": 558.04931640625,
            "min": 474.6513671875,
            "max": 809.1117553710938,
            "count": 150
        },
        "CharacterBBehavior.Environment.EpisodeLength.mean": {
            "value": 2579.0,
            "min": 38.0,
            "max": 2579.0,
            "count": 63
        },
        "CharacterBBehavior.Environment.EpisodeLength.sum": {
            "value": 2579.0,
            "min": 38.0,
            "max": 2579.0,
            "count": 63
        },
        "CharacterBBehavior.Step.mean": {
            "value": 29976.0,
            "min": 167.0,
            "max": 29976.0,
            "count": 150
        },
        "CharacterBBehavior.Step.sum": {
            "value": 29976.0,
            "min": 167.0,
            "max": 29976.0,
            "count": 150
        },
        "CharacterBBehavior.Policy.ExtrinsicValueEstimate.mean": {
            "value": -26.8111572265625,
            "min": -66.17322540283203,
            "max": 0.8633701205253601,
            "count": 150
        },
        "CharacterBBehavior.Policy.ExtrinsicValueEstimate.sum": {
            "value": -80.4334716796875,
            "min": -223.61386108398438,
            "max": 3.6931421756744385,
            "count": 150
        },
        "CharacterBBehavior.Environment.CumulativeReward.mean": {
            "value": -1547.8500935435295,
            "min": -1598.7000732421875,
            "max": 1009.3600287437439,
            "count": 63
        },
        "CharacterBBehavior.Environment.CumulativeReward.sum": {
            "value": -1547.8500935435295,
            "min": -3190.500030517578,
            "max": 2288.3398728370667,
            "count": 63
        },
        "CharacterBBehavior.Policy.ExtrinsicReward.mean": {
            "value": -1547.8500935435295,
            "min": -1598.7000732421875,
            "max": 1009.3600287437439,
            "count": 63
        },
        "CharacterBBehavior.Policy.ExtrinsicReward.sum": {
            "value": -1547.8500935435295,
            "min": -3190.500030517578,
            "max": 2288.3398728370667,
            "count": 63
        },
        "CharacterBBehavior.IsTraining.mean": {
            "value": 1.0,
            "min": 1.0,
            "max": 1.0,
            "count": 150
        },
        "CharacterBBehavior.IsTraining.sum": {
            "value": 1.0,
            "min": 1.0,
            "max": 1.0,
            "count": 150
        },
        "CharacterABehavior.Losses.PolicyLoss.mean": {
            "value": 0.09965903966804035,
            "min": 0.08563865354274942,
            "max": 0.11396617401624098,
            "count": 14
        },
        "CharacterABehavior.Losses.PolicyLoss.sum": {
            "value": 0.09965903966804035,
            "min": 0.08563865354274942,
            "max": 0.11396617401624098,
            "count": 14
        },
        "CharacterABehavior.Losses.ValueLoss.mean": {
            "value": 4673.620160738627,
            "min": 4673.620160738627,
            "max": 69256.2129720052,
            "count": 14
        },
        "CharacterABehavior.Losses.ValueLoss.sum": {
            "value": 4673.620160738627,
            "min": 4673.620160738627,
            "max": 69256.2129720052,
            "count": 14
        },
        "CharacterABehavior.Policy.LearningRate.mean": {
            "value": 9.200096933333318e-06,
            "min": 9.200096933333318e-06,
            "max": 0.0002790100069966667,
            "count": 14
        },
        "CharacterABehavior.Policy.LearningRate.sum": {
            "value": 9.200096933333318e-06,
            "min": 9.200096933333318e-06,
            "max": 0.0002790100069966667,
            "count": 14
        },
        "CharacterABehavior.Policy.Epsilon.mean": {
            "value": 0.10306666666666665,
            "min": 0.10306666666666665,
            "max": 0.1930033333333334,
            "count": 14
        },
        "CharacterABehavior.Policy.Epsilon.sum": {
            "value": 0.10306666666666665,
            "min": 0.10306666666666665,
            "max": 0.1930033333333334,
            "count": 14
        },
        "CharacterABehavior.Policy.Beta.mean": {
            "value": 0.00016302666666666646,
            "min": 0.00016302666666666646,
            "max": 0.004650866333333335,
            "count": 14
        },
        "CharacterABehavior.Policy.Beta.sum": {
            "value": 0.00016302666666666646,
            "min": 0.00016302666666666646,
            "max": 0.004650866333333335,
            "count": 14
        },
        "CharacterBBehavior.Losses.PolicyLoss.mean": {
            "value": 0.09172693413953918,
            "min": 0.0768158625481495,
            "max": 0.1052504577722478,