{
    "name": "root",
    "metadata": {
        "timer_format_version": "0.1.0",
        "start_time_seconds": "1761669460",
        "python_version": "3.10.1 (tags/v3.10.1:2cd268a, Dec  6 2021, 19:10:37) [MSC v.1929 64 bit (AMD64)]",
        "command_line_arguments": "C:\\Users\\49469\\AppData\\Local\\Programs\\Python\\Python310\\Scripts\\mlagents-learn config.yaml --run-id=TestRun11",
        "mlagents_version": "1.1.0",
        "mlagents_envs_version": "1.1.0",
        "communication_protocol_version": "1.5.0",
        "pytorch_version": "2.9.0+cpu",
        "numpy_version": "1.23.5",
        "end_time_seconds": "1761669559"
    },
    "total": 98.78920920000019,
    "count": 1,
    "self": 10.005606500002614,
    "children": {
        "run_training.setup": {
            "total": 0.12667149999833782,
            "count": 1,
            "self": 0.12667149999833782
        },
        "TrainerController.start_learning": {
            "total": 88.65693119999924,
            "count": 1,
            "self": 0.0006649999995715916,
            "children": {
                "TrainerController._reset_env": {
                    "total": 11.950055999997858,
                    "count": 1,
                    "self": 11.950055999997858
                },
                "TrainerController.advance": {
                    "total": 76.67747260000033,
                    "count": 1,
                    "self": 3.480000304989517e-05,
                    "children": {
                        "env_step": {
                            "total": 76.67743779999728,
                            "count": 1,
                            "self": 76.67739260000235,
                            "children": {
                                "SubprocessEnvManager._take_step": {
                                    "total": 4.5199994929134846e-05,
                                    "count": 2,
                                    "self": 4.5199994929134846e-05
                                }
                            }
                        }
                    }
                },
                "trainer_threads": {
                    "total": 1.7000020307023078e-06,
                    "count": 1,
                    "self": 1.7000020307023078e-06
                },
                "TrainerController._save_models": {
                    "total": 0.0287358999994467,
                    "count": 1,
                    "self": 5.249999958323315e-05,
                    "children": {
                        "RLTrainer._checkpoint": {
                            "total": 0.028683399999863468,
                            "count": 1,
                            "self": 0.028683399999863468
                        }
                    }
                }
            }
        }
    }
}