{
    "name": "root",
    "gauges": {
        "MyBehavior.Policy.Entropy.mean": {
            "value": 0.49650439620018005,
            "min": 0.0025239246897399426,
            "max": 1.611811637878418,
            "count": 5
        },
        "MyBehavior.Policy.Entropy.sum": {
            "value": 63.55256271362305,
            "min": 0.32306236028671265,
            "max": 544.603271484375,
            "count": 5
        },
        "MyBehavior.Step.mean": {
            "value": 960.0,
            "min": 192.0,
            "max": 960.0,
            "count": 5
        },
        "MyBehavior.Step.sum": {
            "value": 960.0,
            "min": 192.0,
            "max": 960.0,
            "count": 5
        },
        "MyBehavior.Policy.ExtrinsicValueEstimate.mean": {
            "value": -65.21285247802734,
            "min": -285.00299072265625,
            "max": -11.48277759552002,
            "count": 5
        },
        "MyBehavior.Policy.ExtrinsicValueEstimate.sum": {
            "value": -195.6385498046875,
            "min": -855.0089721679688,
            "max": -34.448333740234375,
            "count": 5
        },
        "MyBehavior.IsTraining.mean": {
            "value": 1.0,
            "min": 1.0,
            "max": 1.0,
            "count": 5
        },
        "MyBehavior.IsTraining.sum": {
            "value": 1.0,
            "min": 1.0,
            "max": 1.0,
            "count": 5
        }
    },
    "metadata": {
        "timer_format_version": "0.1.0",
        "start_time_seconds": "1761910311",
        "python_version": "3.10.1 (tags/v3.10.1:2cd268a, Dec  6 2021, 19:10:37) [MSC v.1929 64 bit (AMD64)]",
        "command_line_arguments": "C:\\Users\\49469\\AppData\\Local\\Programs\\Python\\Python310\\Scripts\\mlagents-learn config.yaml --run-id=DontDown17",
        "mlagents_version": "1.1.0",
        "mlagents_envs_version": "1.1.0",
        "communication_protocol_version": "1.5.0",
        "pytorch_version": "1.12.1+cpu",
        "numpy_version": "1.23.5",
        "end_time_seconds": "1761910370"
    },
    "total": 59.32708719999937,
    "count": 1,
    "self": 10.01245370000106,
    "children": {
        "run_training.setup": {
            "total": 0.1796697000027052,
            "count": 1,
            "self": 0.1796697000027052
        },
        "TrainerController.start_learning": {
            "total": 49.1349637999956,
            "count": 1,
            "self": 0.01803549999021925,
            "children": {
                "TrainerController._reset_env": {
                    "total": 16.986240500002168,
                    "count": 1,
                    "self": 16.986240500002168
                },
                "TrainerController.advance": {
                    "total": 31.427991000004113,
                    "count": 640,
                    "self": 0.017111500121245626,
                    "children": {
                        "env_step": {
                            "total": 31.17412259998673,
                            "count": 640,
                            "self": 29.55696599995281,
                            "children": {
                                "SubprocessEnvManager._take_step": {
                                    "total": 1.6060569000183023,
                                    "count": 641,
                                    "self": 0.05339660003664903,
                                    "children": {
                                        "TorchPolicy.evaluate": {
                                            "total": 1.5526602999816532,
                                            "count": 641,
                                            "self": 1.5526602999816532
                                        }
                                    }
                                },
                                "workers": {
                                    "total": 0.011099700015620328,
                                    "count": 639,
                                    "self": 0.0,
                                    "children": {
                                        "worker_root": {
                                            "total": 11.511821000029158,
                                            "count": 639,
                                            "is_parallel": true,
                                            "self": 2.860223700045026,
                                            "children": {
                                                "steps_from_proto": {
                                                    "total": 0.004827700002351776,
                                                    "count": 2,
                                                    "is_parallel": true,
                                                    "self": 0.0015751000100863166,
                                                    "children": {
                                                        "_process_rank_one_or_two_observation": {
                                                            "total": 0.003252599992265459,
                                                            "count": 4,
                                                            "is_parallel": true,
                                                            "self": 0.003252599992265459
                                                        }
                                                    }
                                                },
                                                "UnityEnvironment.step": {
                                                    "total": 8.64676959998178,
                                                    "count": 639,
                                                    "is_parallel": true,
                                                    "self": 0.06786030014336575,
                                                    "children": {
                                                        "UnityEnvironment._generate_step_input": {
                                                            "total": 0.07782549996045418,
                                                            "count": 639,
                                                            "is_parallel": true,
                                                            "self": 0.07782549996045418
                                                        },
                                                        "communicator.exchange": {
                                                            "total": 8.272801999890362,
                                                            "count": 639,
                                                            "is_parallel": true,
                                                            "self": 8.272801999890362
                                                        },
                                                        "steps_from_proto": {
                                                            "total": 0.2282817999875988,
                                                            "count": 639,
                                                            "is_parallel": true,
                                                            "self": 0.13917600010609021,
                                                            "children": {
                                                                "_process_rank_one_or_two_observation": {
                                                                    "total": 0.08910579988150857,
                                                                    "count": 1278,
                                                                    "is_parallel": true,