{
    "name": "root",
    "gauges": {
        "CharacterBBehavior.Policy.Entropy.mean": {
            "value": 2.9679577350616455,
            "min": 2.8900232315063477,
            "max": 3.1596570014953613,
            "count": 167
        },
        "CharacterBBehavior.Policy.Entropy.sum": {
            "value": 569.847900390625,
            "min": 447.2928771972656,
            "max": 811.5856323242188,
            "count": 167
        },
        "CharacterBBehavior.Step.mean": {
            "value": 33339.0,
            "min": 193.0,
            "max": 33339.0,
            "count": 167
        },
        "CharacterBBehavior.Step.sum": {
            "value": 33339.0,
            "min": 193.0,
            "max": 33339.0,
            "count": 167
        },
        "CharacterBBehavior.Policy.ExtrinsicValueEstimate.mean": {
            "value": -88.26631927490234,
            "min": -129.27635192871094,
            "max": 26.499391555786133,
            "count": 167
        },
        "CharacterBBehavior.Policy.ExtrinsicValueEstimate.sum": {
            "value": -264.7989501953125,
            "min": -411.461181640625,
            "max": 103.29901885986328,
            "count": 167
        },
        "CharacterBBehavior.Environment.EpisodeLength.mean": {
            "value": 3633.0,
            "min": 63.5,
            "max": 3633.0,
            "count": 51
        },
        "CharacterBBehavior.Environment.EpisodeLength.sum": {
            "value": 3633.0,
            "min": 94.0,
            "max": 3633.0,
            "count": 51
        },
        "CharacterBBehavior.Environment.CumulativeReward.mean": {
            "value": -1504.0600164234638,
            "min": -1603.6399750709534,
            "max": 1403.1000779867172,
            "count": 52
        },
        "CharacterBBehavior.Environment.CumulativeReward.sum": {
            "value": -1504.0600164234638,
            "min": -1603.6399750709534,
            "max": 2414.6800651550293,
            "count": 52
        },
        "CharacterBBehavior.Policy.ExtrinsicReward.mean": {
            "value": -1504.0600164234638,
            "min": -1603.6399750709534,
            "max": 1403.1000779867172,
            "count": 52
        },
        "CharacterBBehavior.Policy.ExtrinsicReward.sum": {
            "value": -1504.0600164234638,
            "min": -1603.6399750709534,
            "max": 2414.6800651550293,
            "count": 52
        },
        "CharacterBBehavior.IsTraining.mean": {
            "value": 0.0,
            "min": 0.0,
            "max": 1.0,
            "count": 167
        },
        "CharacterBBehavior.IsTraining.sum": {
            "value": 0.0,
            "min": 0.0,
            "max": 1.0,
            "count": 167
        },
        "CharacterABehavior.Policy.Entropy.mean": {
            "value": 3.029144287109375,
            "min": 2.9378201961517334,
            "max": 3.1669907569885254,
            "count": 141
        },
        "CharacterABehavior.Policy.Entropy.sum": {
            "value": 581.595703125,
            "min": 432.99267578125,
            "max": 813.9166259765625,
            "count": 141
        },
        "CharacterABehavior.Step.mean": {
            "value": 28152.0,
            "min": 193.0,
            "max": 28152.0,
            "count": 141
        },
        "CharacterABehavior.Step.sum": {
            "value": 28152.0,
            "min": 193.0,
            "max": 28152.0,
            "count": 141
        },
        "CharacterABehavior.Policy.ExtrinsicValueEstimate.mean": {
            "value": 51.52937316894531,
            "min": -85.22834777832031,
            "max": 54.258148193359375,
            "count": 141
        },
        "CharacterABehavior.Policy.ExtrinsicValueEstimate.sum": {
            "value": 154.58811950683594,
            "min": -340.91339111328125,
            "max": 179.50762939453125,
            "count": 141
        },
        "CharacterABehavior.Environment.EpisodeLength.mean": {
            "value": 725.0,
            "min": 63.5,
            "max": 1871.0,
            "count": 51
        },
        "CharacterABehavior.Environment.EpisodeLength.sum": {
            "value": 725.0,
            "min": 94.0,
            "max": 1871.0,
            "count": 51
        },
        "CharacterABehavior.Environment.CumulativeReward.mean": {
            "value": 953.8999880552292,
            "min": -1599.050048828125,
            "max": 1464.6900143623352,
            "count": 52
        },
        "CharacterABehavior.Environment.CumulativeReward.sum": {
            "value": 953.8999880552292,
            "min": -4785.869955778122,
            "max": 1464.6900143623352,
            "count": 52
        },
        "CharacterABehavior.Policy.ExtrinsicReward.mean": {
            "value": 953.8999880552292,
            "min": -1599.050048828125,
            "max": 1464.6900143623352,
            "count": 52
        },
        "CharacterABehavior.Policy.ExtrinsicReward.sum": {
            "value": 953.8999880552292,
            "min": -4785.869955778122,
            "max": 1464.6900143623352,
            "count": 52
        },
        "CharacterABehavior.IsTraining.mean": {
            "value": 1.0,
            "min": 1.0,
            "max": 1.0,
            "count": 141
        },
        "CharacterABehavior.IsTraining.sum": {
            "value": 1.0,
            "min": 1.0,
            "max": 1.0,
            "count": 141
        },
        "CharacterBBehavior.Losses.PolicyLoss.mean": {
            "value": 0.09513751554509832,
            "min": 0.08475735050888034,
            "max": 0.11087829402337472,
            "count": 14
        },
        "CharacterBBehavior.Losses.PolicyLoss.sum": {
            "value": 0.09513751554509832,
            "min": 0.08475735050888034,
            "max": 0.11087829402337472,
            "count": 14
        },
        "CharacterBBehavior.Losses.ValueLoss.mean": {
            "value": 252.33426951398752,
            "min": 252.33426951398752,
            "max": 67704.99196370442,
            "count": 14
        },
        "CharacterBBehavior.Losses.ValueLoss.sum": {
            "value": 252.33426951398752,
            "min": 252.33426951398752,
            "max": 67704.99196370442,
            "count": 14
        },
        "CharacterBBehavior.Policy.LearningRate.mean": {
            "value": 8.070097310000009e-06,
            "min": 8.070097310000009e-06,
            "max": 0.0002789800070066667,
            "count": 14
        },
        "CharacterBBehavior.Policy.LearningRate.sum": {
            "value": 8.070097310000009e-06,
            "min": 8.070097310000009e-06,
            "max": 0.0002789800070066667,
            "count": 14
        },
        "CharacterBBehavior.Policy.Epsilon.mean": {
            "value": 0.10268999999999999,
            "min": 0.10268999999999999,
            "max": 0.19299333333333335,
            "count": 14
        },
        "CharacterBBehavior.Policy.Epsilon.sum": {
            "value": 0.10268999999999999,
            "min": 0.10268999999999999,
            "max": 0.19299333333333335,
            "count": 14
        },
        "CharacterBBehavior.Policy.Beta.mean": {
            "value": 0.00014423100000000023,
            "min": 0.00014423100000000023,
            "max": 0.004650367333333334,
            "count": 14
        },
        "CharacterBBehavior.Policy.Beta.sum": {
            "value": 0.00014423100000000023,
            "min": 0.00014423100000000023,
            "max": 0.004650367333333334,
            "count": 14
        },
        "CharacterABehavior.Losses.PolicyLoss.mean": {
            "value": 0.0965250978382149,
            "min": 0.08464933928917162,
            "max": 0.11076695234320748,