{
    "name": "root",
    "gauges": {
        "CharacterABehavior.Policy.Entropy.mean": {
            "value": 3.0072576999664307,
            "min": 2.826289415359497,
            "max": 3.1650402545928955,
            "count": 150
        },
        "CharacterABehavior.Policy.Entropy.sum": {
            "value": 577.3934936523438,
            "min": 448.36993408203125,
            "max": 811.64404296875,
            "count": 150
        },
        "CharacterABehavior.Step.mean": {
            "value": 29961.0,
            "min": 192.0,
            "max": 29961.0,
            "count": 150
        },
        "CharacterABehavior.Step.sum": {
            "value": 29961.0,
            "min": 192.0,
            "max": 29961.0,
            "count": 150
        },
        "CharacterABehavior.Policy.ExtrinsicValueEstimate.mean": {
            "value": -205.6518096923828,
            "min": -489.3236083984375,
            "max": -2.588785409927368,
            "count": 150
        },
        "CharacterABehavior.Policy.ExtrinsicValueEstimate.sum": {
            "value": -616.9554443359375,
            "min": -1957.29443359375,
            "max": -7.766356468200684,
            "count": 150
        },
        "CharacterABehavior.IsTraining.mean": {
            "value": 1.0,
            "min": 1.0,
            "max": 1.0,
            "count": 150
        },
        "CharacterABehavior.IsTraining.sum": {
            "value": 1.0,
            "min": 1.0,
            "max": 1.0,
            "count": 150
        },
        "CharacterBBehavior.Policy.Entropy.mean": {
            "value": 3.001276731491089,
            "min": 2.6920015811920166,
            "max": 3.167538642883301,
            "count": 150
        },
        "CharacterBBehavior.Policy.Entropy.sum": {
            "value": 576.2451171875,
            "min": 435.89306640625,
            "max": 814.3656005859375,
            "count": 150
        },
        "CharacterBBehavior.Step.mean": {
            "value": 29961.0,
            "min": 192.0,
            "max": 29961.0,
            "count": 150
        },
        "CharacterBBehavior.Step.sum": {
            "value": 29961.0,
            "min": 192.0,
            "max": 29961.0,
            "count": 150
        },
        "CharacterBBehavior.Policy.ExtrinsicValueEstimate.mean": {
            "value": -94.83367156982422,
            "min": -130.35569763183594,
            "max": 98.07405853271484,
            "count": 150
        },
        "CharacterBBehavior.Policy.ExtrinsicValueEstimate.sum": {
            "value": -284.5010070800781,
            "min": -479.8099365234375,
            "max": 392.2962341308594,
            "count": 150
        },
        "CharacterBBehavior.IsTraining.mean": {
            "value": 1.0,
            "min": 1.0,
            "max": 1.0,
            "count": 150
        },
        "CharacterBBehavior.IsTraining.sum": {
            "value": 1.0,
            "min": 1.0,
            "max": 1.0,
            "count": 150
        },
        "CharacterABehavior.Environment.EpisodeLength.mean": {
            "value": 212.0,
            "min": 158.0,
            "max": 1314.0,
            "count": 52
        },
        "CharacterABehavior.Environment.EpisodeLength.sum": {
            "value": 212.0,
            "min": 158.0,
            "max": 1314.0,
            "count": 52
        },
        "CharacterABehavior.Environment.CumulativeReward.mean": {
            "value": -3798.799799859524,
            "min": -3799.2597851902246,
            "max": 1003.0599974989891,
            "count": 52
        },
        "CharacterABehavior.Environment.CumulativeReward.sum": {
            "value": -3798.799799859524,
            "min": -4395.029803067446,
            "max": 1003.0599974989891,
            "count": 52
        },
        "CharacterABehavior.Policy.ExtrinsicReward.mean": {
            "value": -3798.799799859524,
            "min": -3799.2597851902246,
            "max": 1003.0599974989891,
            "count": 52
        },
        "CharacterABehavior.Policy.ExtrinsicReward.sum": {
            "value": -3798.799799859524,
            "min": -4395.029803067446,
            "max": 1003.0599974989891,
            "count": 52
        },
        "CharacterBBehavior.Environment.EpisodeLength.mean": {
            "value": 212.0,
            "min": 158.0,
            "max": 1314.0,
            "count": 52
        },
        "CharacterBBehavior.Environment.EpisodeLength.sum": {
            "value": 212.0,
            "min": 158.0,
            "max": 1314.0,
            "count": 52
        },
        "CharacterBBehavior.Environment.CumulativeReward.mean": {
            "value": 1000.0,
            "min": -2050.0,
            "max": 1200.0,
            "count": 52
        },
        "CharacterBBehavior.Environment.CumulativeReward.sum": {
            "value": 1000.0,
            "min": -2050.0,
            "max": 1200.0,
            "count": 52
        },
        "CharacterBBehavior.Policy.ExtrinsicReward.mean": {
            "value": 1000.0,
            "min": -2050.0,
            "max": 1200.0,
            "count": 52
        },
        "CharacterBBehavior.Policy.ExtrinsicReward.sum": {
            "value": 1000.0,
            "min": -2050.0,
            "max": 1200.0,
            "count": 52
        },
        "CharacterABehavior.Losses.PolicyLoss.mean": {
            "value": 0.10408188788763557,
            "min": 0.08636593076031811,
            "max": 0.10954746258600305,
            "count": 14
        },
        "CharacterABehavior.Losses.PolicyLoss.sum": {
            "value": 0.10408188788763557,
            "min": 0.08636593076031811,
            "max": 0.10954746258600305,
            "count": 14
        },
        "CharacterABehavior.Losses.ValueLoss.mean": {
            "value": 33904.45293172201,
            "min": 23170.450597127277,
            "max": 72020.69519042969,
            "count": 14
        },
        "CharacterABehavior.Losses.ValueLoss.sum": {
            "value": 33904.45293172201,
            "min": 23170.450597127277,
            "max": 72020.69519042969,
            "count": 14
        },
        "CharacterABehavior.Policy.LearningRate.mean": {
            "value": 1.0110096629999988e-05,
            "min": 1.0110096629999988e-05,
            "max": 0.0002793600068799999,
            "count": 14
        },
        "CharacterABehavior.Policy.LearningRate.sum": {
            "value": 1.0110096629999988e-05,
            "min": 1.0110096629999988e-05,
            "max": 0.0002793600068799999,
            "count": 14
        },
        "CharacterABehavior.Policy.Epsilon.mean": {
            "value": 0.10336999999999998,
            "min": 0.10336999999999998,
            "max": 0.19311999999999999,
            "count": 14
        },
        "CharacterABehavior.Policy.Epsilon.sum": {
            "value": 0.10336999999999998,
            "min": 0.10336999999999998,
            "max": 0.19311999999999999,
            "count": 14
        },
        "CharacterABehavior.Policy.Beta.mean": {
            "value": 0.00017816299999999982,
            "min": 0.00017816299999999982,
            "max": 0.004656688,
            "count": 14
        },
        "CharacterABehavior.Policy.Beta.sum": {
            "value": 0.00017816299999999982,
            "min": 0.00017816299999999982,
            "max": 0.004656688,
            "count": 14
        },
        "CharacterBBehavior.Losses.PolicyLoss.mean": {
            "value": 0.09365889366502718,
            "min": 0.08905522003624355,
            "max": 0.10769545313572355,
            "count": 14
        },
        "CharacterBBehavior.Losses.PolicyLoss.sum": {
            "value": 0.09365889366502718,