{
    "name": "root",
    "gauges": {
        "MyBehavior.Policy.Entropy.mean": {
            "value": 2.4525938034057617,
            "min": 2.4417178630828857,
            "max": 2.469916582107544,
            "count": 17
        },
        "MyBehavior.Policy.Entropy.sum": {
            "value": 510.1394958496094,
            "min": 275.2065734863281,
            "max": 758.2564086914062,
            "count": 17
        },
        "MyBehavior.Step.mean": {
            "value": 3346.0,
            "min": 168.0,
            "max": 3346.0,
            "count": 17
        },
        "MyBehavior.Step.sum": {
            "value": 3346.0,
            "min": 168.0,
            "max": 3346.0,
            "count": 17
        },
        "MyBehavior.Policy.ExtrinsicValueEstimate.mean": {
            "value": 9.428390502929688,
            "min": -2.1133108139038086,
            "max": 9.428390502929688,
            "count": 17
        },
        "MyBehavior.Policy.ExtrinsicValueEstimate.sum": {
            "value": 37.71356201171875,
            "min": -9.618791580200195,
            "max": 37.71356201171875,
            "count": 17
        },
        "MyBehavior.Environment.EpisodeLength.mean": {
            "value": 103.0,
            "min": 79.0,
            "max": 119.0,
            "count": 17
        },
        "MyBehavior.Environment.EpisodeLength.sum": {
            "value": 206.0,
            "min": 158.0,
            "max": 336.0,
            "count": 17
        },
        "MyBehavior.Environment.CumulativeReward.mean": {
            "value": 172.5550079345703,
            "min": -236.72765604654947,
            "max": 1190.3600158691406,
            "count": 17
        },
        "MyBehavior.Environment.CumulativeReward.sum": {
            "value": 345.1100158691406,
            "min": -710.1829681396484,
            "max": 1405.8189849853516,
            "count": 17
        },
        "MyBehavior.Policy.ExtrinsicReward.mean": {
            "value": 172.5550079345703,
            "min": -236.72765604654947,
            "max": 1190.3600158691406,
            "count": 17
        },
        "MyBehavior.Policy.ExtrinsicReward.sum": {
            "value": 345.1100158691406,
            "min": -710.1829681396484,
            "max": 1405.8189849853516,
            "count": 17
        },
        "MyBehavior.IsTraining.mean": {
            "value": 1.0,
            "min": 1.0,
            "max": 1.0,
            "count": 17
        },
        "MyBehavior.IsTraining.sum": {
            "value": 1.0,
            "min": 1.0,
            "max": 1.0,
            "count": 17
        },
        "MyBehavior.Losses.PolicyLoss.mean": {
            "value": 0.09364285258602144,
            "min": 0.09364285258602144,
            "max": 0.09364285258602144,
            "count": 1
        },
        "MyBehavior.Losses.PolicyLoss.sum": {
            "value": 0.09364285258602144,
            "min": 0.09364285258602144,
            "max": 0.09364285258602144,
            "count": 1
        },
        "MyBehavior.Losses.ValueLoss.mean": {
            "value": 85238.86639835859,
            "min": 85238.86639835859,
            "max": 85238.86639835859,
            "count": 1
        },
        "MyBehavior.Losses.ValueLoss.sum": {
            "value": 85238.86639835859,
            "min": 85238.86639835859,
            "max": 85238.86639835859,
            "count": 1
        },
        "MyBehavior.Policy.LearningRate.mean": {
            "value": 0.00027850000716666667,
            "min": 0.00027850000716666667,
            "max": 0.00027850000716666667,
            "count": 1
        },
        "MyBehavior.Policy.LearningRate.sum": {
            "value": 0.00027850000716666667,
            "min": 0.00027850000716666667,
            "max": 0.00027850000716666667,
            "count": 1
        },
        "MyBehavior.Policy.Epsilon.mean": {
            "value": 0.19283333333333336,
            "min": 0.19283333333333336,
            "max": 0.19283333333333336,
            "count": 1
        },
        "MyBehavior.Policy.Epsilon.sum": {
            "value": 0.19283333333333336,
            "min": 0.19283333333333336,
            "max": 0.19283333333333336,
            "count": 1
        },
        "MyBehavior.Policy.Beta.mean": {
            "value": 0.004642383333333333,
            "min": 0.004642383333333333,
            "max": 0.004642383333333333,
            "count": 1
        },
        "MyBehavior.Policy.Beta.sum": {
            "value": 0.004642383333333333,
            "min": 0.004642383333333333,
            "max": 0.004642383333333333,
            "count": 1
        }
    },
    "metadata": {
        "timer_format_version": "0.1.0",
        "start_time_seconds": "1761911036",
        "python_version": "3.10.1 (tags/v3.10.1:2cd268a, Dec  6 2021, 19:10:37) [MSC v.1929 64 bit (AMD64)]",
        "command_line_arguments": "C:\\Users\\49469\\AppData\\Local\\Programs\\Python\\Python310\\Scripts\\mlagents-learn config.yaml --run-id=DontDown23",
        "mlagents_version": "1.1.0",
        "mlagents_envs_version": "1.1.0",
        "communication_protocol_version": "1.5.0",
        "pytorch_version": "1.12.1+cpu",
        "numpy_version": "1.23.5",
        "end_time_seconds": "1761911089"
    },
    "total": 53.225101600000926,
    "count": 1,
    "self": 0.0036954999959561974,
    "children": {
        "run_training.setup": {
            "total": 0.21149430000514258,
            "count": 1,
            "self": 0.21149430000514258
        },
        "TrainerController.start_learning": {
            "total": 53.00991179999983,
            "count": 1,
            "self": 0.0592840999524924,
            "children": {
                "TrainerController._reset_env": {
                    "total": 5.870226699997147,
                    "count": 1,
                    "self": 5.870226699997147
                },
                "TrainerController.advance": {
                    "total": 46.87604150005063,
                    "count": 1763,
                    "self": 0.061042899927997496,
                    "children": {
                        "env_step": {
                            "total": 44.60636610013171,
                            "count": 1763,
                            "self": 39.36844659992494,
                            "children": {
                                "SubprocessEnvManager._take_step": {
                                    "total": 5.2010474001508555,
                                    "count": 1763,
                                    "self": 0.17104230027325684,
                                    "children": {
                                        "TorchPolicy.evaluate": {
                                            "total": 5.030005099877599,
                                            "count": 1744,
                                            "self": 5.030005099877599
                                        }
                                    }
                                },
                                "workers": {
                                    "total": 0.036872100055916235,
                                    "count": 1762,
                                    "self": 0.0,
                                    "children": {
                                        "worker_root": {
                                            "total": 22.52567649986304,
                                            "count": 1762,
                                            "is_parallel": true,
                                            "self": 10.673137999881874,