{
    "name": "root",
    "gauges": {
        "CharacterABehavior.Policy.Entropy.mean": {
            "value": 2.298779249191284,
            "min": 2.2561941146850586,
            "max": 2.4710450172424316,
            "count": 150
        },
        "CharacterABehavior.Policy.Entropy.sum": {
            "value": 565.4996948242188,
            "min": 356.89434814453125,
            "max": 624.6419677734375,
            "count": 150
        },
        "CharacterABehavior.Step.mean": {
            "value": 29997.0,
            "min": 191.0,
            "max": 29997.0,
            "count": 150
        },
        "CharacterABehavior.Step.sum": {
            "value": 29997.0,
            "min": 191.0,
            "max": 29997.0,
            "count": 150
        },
        "CharacterABehavior.Policy.ExtrinsicValueEstimate.mean": {
            "value": 196.3720703125,
            "min": -0.8222962617874146,
            "max": 253.74082946777344,
            "count": 150
        },
        "CharacterABehavior.Policy.ExtrinsicValueEstimate.sum": {
            "value": 1178.232421875,
            "min": -3.289185047149658,
            "max": 1357.0242919921875,
            "count": 150
        },
        "CharacterABehavior.Environment.EpisodeLength.mean": {
            "value": 81.0,
            "min": 73.33333333333333,
            "max": 116.0,
            "count": 150
        },
        "CharacterABehavior.Environment.EpisodeLength.sum": {
            "value": 243.0,
            "min": 116.0,
            "max": 284.0,
            "count": 150
        },
        "CharacterABehavior.Environment.CumulativeReward.mean": {
            "value": -197.8509953816732,
            "min": -890.4174938201904,
            "max": 1240.5865325927734,
            "count": 150
        },
        "CharacterABehavior.Environment.CumulativeReward.sum": {
            "value": -593.5529861450195,
            "min": -2528.5890502929688,
            "max": 3613.4449005126953,
            "count": 150
        },
        "CharacterABehavior.Policy.ExtrinsicReward.mean": {
            "value": -197.8509953816732,
            "min": -890.4174938201904,
            "max": 1240.5865325927734,
            "count": 150
        },
        "CharacterABehavior.Policy.ExtrinsicReward.sum": {
            "value": -593.5529861450195,
            "min": -2528.5890502929688,
            "max": 3613.4449005126953,
            "count": 150
        },
        "CharacterABehavior.IsTraining.mean": {
            "value": 1.0,
            "min": 1.0,
            "max": 1.0,
            "count": 150
        },
        "CharacterABehavior.IsTraining.sum": {
            "value": 1.0,
            "min": 1.0,
            "max": 1.0,
            "count": 150
        },
        "CharacterBBehavior.Policy.Entropy.mean": {
            "value": 2.3534798622131348,
            "min": 2.3455748558044434,
            "max": 2.464670419692993,
            "count": 150
        },
        "CharacterBBehavior.Policy.Entropy.sum": {
            "value": 578.9560546875,
            "min": 360.3590393066406,
            "max": 628.4251708984375,
            "count": 150
        },
        "CharacterBBehavior.Step.mean": {
            "value": 29997.0,
            "min": 191.0,
            "max": 29997.0,
            "count": 150
        },
        "CharacterBBehavior.Step.sum": {
            "value": 29997.0,
            "min": 191.0,
            "max": 29997.0,
            "count": 150
        },
        "CharacterBBehavior.Policy.ExtrinsicValueEstimate.mean": {
            "value": -61.74544143676758,
            "min": -118.33174896240234,
            "max": 2.277080774307251,
            "count": 150
        },
        "CharacterBBehavior.Policy.ExtrinsicValueEstimate.sum": {
            "value": -370.47265625,
            "min": -534.556640625,
            "max": 10.089372634887695,
            "count": 150
        },
        "CharacterBBehavior.Environment.EpisodeLength.mean": {
            "value": 81.0,
            "min": 73.33333333333333,
            "max": 116.0,
            "count": 150
        },
        "CharacterBBehavior.Environment.EpisodeLength.sum": {
            "value": 243.0,
            "min": 116.0,
            "max": 284.0,
            "count": 150
        },
        "CharacterBBehavior.Environment.CumulativeReward.mean": {
            "value": 499.29236602783203,
            "min": -947.4399800300598,
            "max": 1188.275966644287,
            "count": 150
        },
        "CharacterBBehavior.Environment.CumulativeReward.sum": {
            "value": 1497.877098083496,
            "min": -2812.0319595336914,
            "max": 3467.049026489258,
            "count": 150
        },
        "CharacterBBehavior.Policy.ExtrinsicReward.mean": {
            "value": 499.29236602783203,
            "min": -947.4399800300598,
            "max": 1188.275966644287,
            "count": 150
        },
        "CharacterBBehavior.Policy.ExtrinsicReward.sum": {
            "value": 1497.877098083496,
            "min": -2812.0319595336914,
            "max": 3467.049026489258,
            "count": 150
        },
        "CharacterBBehavior.IsTraining.mean": {
            "value": 1.0,
            "min": 1.0,
            "max": 1.0,
            "count": 150
        },
        "CharacterBBehavior.IsTraining.sum": {
            "value": 1.0,
            "min": 1.0,
            "max": 1.0,
            "count": 150
        },
        "CharacterABehavior.Losses.PolicyLoss.mean": {
            "value": 0.10192247242654655,
            "min": 0.08433419211178261,
            "max": 0.10879421007606045,
            "count": 14
        },
        "CharacterABehavior.Losses.PolicyLoss.sum": {
            "value": 0.10192247242654655,
            "min": 0.08433419211178261,
            "max": 0.10879421007606045,
            "count": 14
        },
        "CharacterABehavior.Losses.ValueLoss.mean": {
            "value": 79269.97790527344,
            "min": 73579.60990397136,
            "max": 91149.7216796875,
            "count": 14
        },
        "CharacterABehavior.Losses.ValueLoss.sum": {
            "value": 79269.97790527344,
            "min": 73579.60990397136,
            "max": 91149.7216796875,
            "count": 14
        },
        "CharacterABehavior.Policy.LearningRate.mean": {
            "value": 1.023009659000001e-05,
            "min": 1.023009659000001e-05,
            "max": 0.00027949000683666656,
            "count": 14
        },
        "CharacterABehavior.Policy.LearningRate.sum": {
            "value": 1.023009659000001e-05,
            "min": 1.023009659000001e-05,
            "max": 0.00027949000683666656,
            "count": 14
        },
        "CharacterABehavior.Policy.Epsilon.mean": {
            "value": 0.10341,
            "min": 0.10341,
            "max": 0.19316333333333335,
            "count": 14
        },
        "CharacterABehavior.Policy.Epsilon.sum": {
            "value": 0.10341,
            "min": 0.10341,
            "max": 0.19316333333333335,
            "count": 14
        },
        "CharacterABehavior.Policy.Beta.mean": {
            "value": 0.00018015900000000008,
            "min": 0.00018015900000000008,
            "max": 0.004658850333333333,
            "count": 14
        },
        "CharacterABehavior.Policy.Beta.sum": {
            "value": 0.00018015900000000008,
            "min": 0.00018015900000000008,
            "max": 0.004658850333333333,
            "count": 14
        },
        "CharacterBBehavior.Losses.PolicyLoss.mean": {
            "value": 0.09915275688399561,
            "min": 0.08282623366631015,
            "max": 0.10899722928540238,
            "count": 14
        },