{
    "name": "root",
    "metadata": {
        "timer_format_version": "0.1.0",
        "start_time_seconds": "1761668252",
        "python_version": "3.10.1 (tags/v3.10.1:2cd268a, Dec  6 2021, 19:10:37) [MSC v.1929 64 bit (AMD64)]",
        "command_line_arguments": "C:\\Users\\49469\\AppData\\Local\\Programs\\Python\\Python310\\Scripts\\mlagents-learn config.yaml --run-id=TestRun7",
        "mlagents_version": "1.1.0",
        "mlagents_envs_version": "1.1.0",
        "communication_protocol_version": "1.5.0",
        "pytorch_version": "2.9.0+cpu",
        "numpy_version": "1.23.5",
        "end_time_seconds": "1761668390"
    },
    "total": 137.62143459999788,
    "count": 1,
    "self": 0.011172099999384955,
    "children": {
        "run_training.setup": {
            "total": 0.12975009999718168,
            "count": 1,
            "self": 0.12975009999718168
        },
        "TrainerController.start_learning": {
            "total": 137.48051240000132,
            "count": 1,
            "self": 0.00025749999986146577,
            "children": {
                "TrainerController._reset_env": {
                    "total": 12.026206800001091,
                    "count": 1,
                    "self": 12.026206800001091
                },
                "TrainerController.advance": {
                    "total": 124.02440399999978,
                    "count": 1,
                    "self": 2.0699997548945248e-05,
                    "children": {
                        "env_step": {
                            "total": 124.02438330000223,
                            "count": 1,
                            "self": 124.02437370000189,
                            "children": {
                                "SubprocessEnvManager._take_step": {
                                    "total": 9.60000033956021e-06,
                                    "count": 1,
                                    "self": 9.60000033956021e-06
                                }
                            }
                        }
                    }
                },
                "TrainerController._save_models": {
                    "total": 1.429644100000587,
                    "count": 1,
                    "self": 3.279999873484485e-05,
                    "children": {
                        "RLTrainer._checkpoint": {
                            "total": 1.4296113000018522,
                            "count": 1,
                            "self": 1.4296113000018522
                        }
                    }
                }
            }
        }
    }
}