{
    "name": "root",
    "gauges": {
        "MyBehavior.Policy.Entropy.mean": {
            "value": 1.75699782371521,
            "min": 1.736920952796936,
            "max": 1.782275676727295,
            "count": 34
        },
        "MyBehavior.Policy.Entropy.sum": {
            "value": 409.3804931640625,
            "min": 268.7196350097656,
            "max": 456.2625732421875,
            "count": 34
        },
        "MyBehavior.Step.mean": {
            "value": 6797.0,
            "min": 192.0,
            "max": 6797.0,
            "count": 34
        },
        "MyBehavior.Step.sum": {
            "value": 6797.0,
            "min": 192.0,
            "max": 6797.0,
            "count": 34
        },
        "MyBehavior.Policy.ExtrinsicValueEstimate.mean": {
            "value": -89.3550796508789,
            "min": -112.42137145996094,
            "max": 0.03873378410935402,
            "count": 34
        },
        "MyBehavior.Policy.ExtrinsicValueEstimate.sum": {
            "value": -357.4203186035156,
            "min": -449.68548583984375,
            "max": 0.11620135605335236,
            "count": 34
        },
        "MyBehavior.IsTraining.mean": {
            "value": 1.0,
            "min": 1.0,
            "max": 1.0,
            "count": 34
        },
        "MyBehavior.IsTraining.sum": {
            "value": 1.0,
            "min": 1.0,
            "max": 1.0,
            "count": 34
        },
        "MyBehavior.Environment.EpisodeLength.mean": {
            "value": 360.0,
            "min": 42.666666666666664,
            "max": 599.0,
            "count": 20
        },
        "MyBehavior.Environment.EpisodeLength.sum": {
            "value": 360.0,
            "min": 86.0,
            "max": 654.0,
            "count": 20
        },
        "MyBehavior.Environment.CumulativeReward.mean": {
            "value": -9235.766716003418,
            "min": -9871.028129577637,
            "max": 1356.9139022827148,
            "count": 20
        },
        "MyBehavior.Environment.CumulativeReward.sum": {
            "value": -9235.766716003418,
            "min": -39484.11251831055,
            "max": 1356.9139022827148,
            "count": 20
        },
        "MyBehavior.Policy.ExtrinsicReward.mean": {
            "value": -9235.766716003418,
            "min": -9871.028129577637,
            "max": 1356.9139022827148,
            "count": 20
        },
        "MyBehavior.Policy.ExtrinsicReward.sum": {
            "value": -9235.766716003418,
            "min": -39484.11251831055,
            "max": 1356.9139022827148,
            "count": 20
        },
        "MyBehavior.Losses.PolicyLoss.mean": {
            "value": 0.10972318869122925,
            "min": 0.09574502888911714,
            "max": 0.10972318869122925,
            "count": 3
        },
        "MyBehavior.Losses.PolicyLoss.sum": {
            "value": 0.10972318869122925,
            "min": 0.09574502888911714,
            "max": 0.10972318869122925,
            "count": 3
        },
        "MyBehavior.Losses.ValueLoss.mean": {
            "value": 2222444.6794840493,
            "min": 2222444.6794840493,
            "max": 4102329.5,
            "count": 3
        },
        "MyBehavior.Losses.ValueLoss.sum": {
            "value": 2222444.6794840493,
            "min": 2222444.6794840493,
            "max": 4102329.5,
            "count": 3
        },
        "MyBehavior.Policy.LearningRate.mean": {
            "value": 0.0002378000207333333,
            "min": 0.0002378000207333333,
            "max": 0.0002794300068566666,
            "count": 3
        },
        "MyBehavior.Policy.LearningRate.sum": {
            "value": 0.0002378000207333333,
            "min": 0.0002378000207333333,
            "max": 0.0002794300068566666,
            "count": 3
        },
        "MyBehavior.Policy.Epsilon.mean": {
            "value": 0.17926666666666669,
            "min": 0.17926666666666669,
            "max": 0.19314333333333336,
            "count": 3
        },
        "MyBehavior.Policy.Epsilon.sum": {
            "value": 0.17926666666666669,
            "min": 0.17926666666666669,
            "max": 0.19314333333333336,
            "count": 3
        },
        "MyBehavior.Policy.Beta.mean": {
            "value": 0.003965406666666666,
            "min": 0.003965406666666666,
            "max": 0.0046578523333333345,
            "count": 3
        },
        "MyBehavior.Policy.Beta.sum": {
            "value": 0.003965406666666666,
            "min": 0.003965406666666666,
            "max": 0.0046578523333333345,
            "count": 3
        }
    },
    "metadata": {
        "timer_format_version": "0.1.0",
        "start_time_seconds": "1761908085",
        "python_version": "3.10.1 (tags/v3.10.1:2cd268a, Dec  6 2021, 19:10:37) [MSC v.1929 64 bit (AMD64)]",
        "command_line_arguments": "C:\\Users\\49469\\AppData\\Local\\Programs\\Python\\Python310\\Scripts\\mlagents-learn config.yaml --run-id=DontDown16",
        "mlagents_version": "1.1.0",
        "mlagents_envs_version": "1.1.0",
        "communication_protocol_version": "1.5.0",
        "pytorch_version": "1.12.1+cpu",
        "numpy_version": "1.23.5",
        "end_time_seconds": "1761908184"
    },
    "total": 99.11110710000139,
    "count": 1,
    "self": 0.023193800003355136,
    "children": {
        "run_training.setup": {
            "total": 0.1986652999985381,
            "count": 1,
            "self": 0.1986652999985381
        },
        "TrainerController.start_learning": {
            "total": 98.8892479999995,
            "count": 1,
            "self": 0.194349300043541,
            "children": {
                "TrainerController._reset_env": {
                    "total": 11.832856299999548,
                    "count": 1,
                    "self": 11.832856299999548
                },
                "TrainerController.advance": {
                    "total": 86.61197589995936,
                    "count": 6929,
                    "self": 0.19497510014116415,
                    "children": {
                        "env_step": {
                            "total": 80.77388999999312,
                            "count": 6929,
                            "self": 66.67550630019105,
                            "children": {
                                "SubprocessEnvManager._take_step": {
                                    "total": 13.971100799786655,
                                    "count": 6929,
                                    "self": 0.4892413997986296,
                                    "children": {
                                        "TorchPolicy.evaluate": {
                                            "total": 13.481859399988025,
                                            "count": 6904,
                                            "self": 13.481859399988025
                                        }
                                    }
                                },
                                "workers": {
                                    "total": 0.1272829000154161,
                                    "count": 6928,
                                    "self": 0.0,
                                    "children": {
                                        "worker_root": {
                                            "total": 86.07997630003229,
                                            "count": 6928,
                                            "is_parallel": true,
                                            "self": 29.18103280005016,