{
    "name": "root",
    "gauges": {
        "CharacterBBehavior.Policy.Entropy.mean": {
            "value": 3.2447493076324463,
            "min": 3.2447493076324463,
            "max": 3.579063892364502,
            "count": 15
        },
        "CharacterBBehavior.Policy.Entropy.sum": {
            "value": 3260.97314453125,
            "min": 3155.71728515625,
            "max": 4429.26171875,
            "count": 15
        },
        "CharacterBBehavior.Step.mean": {
            "value": 14968.0,
            "min": 960.0,
            "max": 14968.0,
            "count": 15
        },
        "CharacterBBehavior.Step.sum": {
            "value": 14968.0,
            "min": 960.0,
            "max": 14968.0,
            "count": 15
        },
        "CharacterBBehavior.Policy.ExtrinsicValueEstimate.mean": {
            "value": -7.060347557067871,
            "min": -7.060347557067871,
            "max": -0.08024223148822784,
            "count": 15
        },
        "CharacterBBehavior.Policy.ExtrinsicValueEstimate.sum": {
            "value": -112.96556091308594,
            "min": -118.6389389038086,
            "max": -1.203633427619934,
            "count": 15
        },
        "CharacterBBehavior.IsTraining.mean": {
            "value": 1.0,
            "min": 1.0,
            "max": 1.0,
            "count": 15
        },
        "CharacterBBehavior.IsTraining.sum": {
            "value": 1.0,
            "min": 1.0,
            "max": 1.0,
            "count": 15
        },
        "CharacterABehavior.Policy.Entropy.mean": {
            "value": 3.1434543132781982,
            "min": 3.1434543132781982,
            "max": 3.3818626403808594,
            "count": 15
        },
        "CharacterABehavior.Policy.Entropy.sum": {
            "value": 3159.171630859375,
            "min": 3064.5029296875,
            "max": 4295.9755859375,
            "count": 15
        },
        "CharacterABehavior.Step.mean": {
            "value": 14968.0,
            "min": 960.0,
            "max": 14968.0,
            "count": 15
        },
        "CharacterABehavior.Step.sum": {
            "value": 14968.0,
            "min": 960.0,
            "max": 14968.0,
            "count": 15
        },
        "CharacterABehavior.Policy.ExtrinsicValueEstimate.mean": {
            "value": -6.359607696533203,
            "min": -6.359607696533203,
            "max": 0.0036062821745872498,
            "count": 15
        },
        "CharacterABehavior.Policy.ExtrinsicValueEstimate.sum": {
            "value": -101.75372314453125,
            "min": -101.9173812866211,
            "max": 0.057700514793395996,
            "count": 15
        },
        "CharacterABehavior.IsTraining.mean": {
            "value": 1.0,
            "min": 1.0,
            "max": 1.0,
            "count": 15
        },
        "CharacterABehavior.IsTraining.sum": {
            "value": 1.0,
            "min": 1.0,
            "max": 1.0,
            "count": 15
        },
        "CharacterBBehavior.Losses.PolicyLoss.mean": {
            "value": 0.1834255293554937,
            "min": 0.14894983909713724,
            "max": 0.22724890047296262,
            "count": 6
        },
        "CharacterBBehavior.Losses.PolicyLoss.sum": {
            "value": 0.1834255293554937,
            "min": 0.14894983909713724,
            "max": 0.22724890047296262,
            "count": 6
        },
        "CharacterBBehavior.Losses.ValueLoss.mean": {
            "value": 59166.47272931536,
            "min": 46927.337248407304,
            "max": 124981.88688151042,
            "count": 6
        },
        "CharacterBBehavior.Losses.ValueLoss.sum": {
            "value": 59166.47272931536,
            "min": 46927.337248407304,
            "max": 124981.88688151042,
            "count": 6
        },
        "CharacterBBehavior.Policy.LearningRate.mean": {
            "value": 0.00017016004327999998,
            "min": 0.00017016004327999998,
            "max": 0.00027760000746666663,
            "count": 6
        },
        "CharacterBBehavior.Policy.LearningRate.sum": {
            "value": 0.00017016004327999998,
            "min": 0.00017016004327999998,
            "max": 0.00027760000746666663,
            "count": 6
        },
        "CharacterBBehavior.Policy.Epsilon.mean": {
            "value": 0.15672,
            "min": 0.15672,
            "max": 0.19253333333333333,
            "count": 6
        },
        "CharacterBBehavior.Policy.Epsilon.sum": {
            "value": 0.15672,
            "min": 0.15672,
            "max": 0.19253333333333333,
            "count": 6
        },
        "CharacterBBehavior.Policy.Beta.mean": {
            "value": 0.002840328,
            "min": 0.002840328,
            "max": 0.0046274133333333335,
            "count": 6
        },
        "CharacterBBehavior.Policy.Beta.sum": {
            "value": 0.002840328,
            "min": 0.002840328,
            "max": 0.0046274133333333335,
            "count": 6
        },
        "CharacterABehavior.Losses.PolicyLoss.mean": {
            "value": 0.1704304314456143,
            "min": 0.1363123725617091,
            "max": 0.23786338241188787,
            "count": 6
        },
        "CharacterABehavior.Losses.PolicyLoss.sum": {
            "value": 0.1704304314456143,
            "min": 0.1363123725617091,
            "max": 0.23786338241188787,
            "count": 6
        },
        "CharacterABehavior.Losses.ValueLoss.mean": {
            "value": 62608.56977844238,
            "min": 55660.2472615093,
            "max": 84238.84933776657,
            "count": 6
        },
        "CharacterABehavior.Losses.ValueLoss.sum": {
            "value": 62608.56977844238,
            "min": 55660.2472615093,
            "max": 84238.84933776657,
            "count": 6
        },
        "CharacterABehavior.Policy.LearningRate.mean": {
            "value": 0.00017016004327999998,
            "min": 0.00017016004327999998,
            "max": 0.00027760000746666663,
            "count": 6
        },
        "CharacterABehavior.Policy.LearningRate.sum": {
            "value": 0.00017016004327999998,
            "min": 0.00017016004327999998,
            "max": 0.00027760000746666663,
            "count": 6
        },
        "CharacterABehavior.Policy.Epsilon.mean": {
            "value": 0.15672,
            "min": 0.15672,
            "max": 0.19253333333333333,
            "count": 6
        },
        "CharacterABehavior.Policy.Epsilon.sum": {
            "value": 0.15672,
            "min": 0.15672,
            "max": 0.19253333333333333,
            "count": 6
        },
        "CharacterABehavior.Policy.Beta.mean": {
            "value": 0.002840328,
            "min": 0.002840328,
            "max": 0.0046274133333333335,
            "count": 6
        },
        "CharacterABehavior.Policy.Beta.sum": {
            "value": 0.002840328,
            "min": 0.002840328,
            "max": 0.0046274133333333335,
            "count": 6
        },
        "CharacterBBehavior.Environment.EpisodeLength.mean": {
            "value": 2264.5,
            "min": 1501.0,
            "max": 2264.5,
            "count": 3
        },
        "CharacterBBehavior.Environment.EpisodeLength.sum": {
            "value": 4529.0,
            "min": 1501.0,
            "max": 4529.0,
            "count": 3
        },
        "CharacterBBehavior.Environment.CumulativeReward.mean": {
            "value": -15451.645118504763,
            "min": -16965.53400914371,
            "max": -13957.067516371608,
            "count": 3
        },
        "CharacterBBehavior.Environment.CumulativeReward.sum": {
            "value": -30903.290237009525,