{
    "name": "root",
    "gauges": {
        "CharacterABehavior.Policy.Entropy.mean": {
            "value": 2.4480507373809814,
            "min": 2.3630435466766357,
            "max": 2.5376651287078857,
            "count": 24
        },
        "CharacterABehavior.Policy.Entropy.sum": {
            "value": 2347.6806640625,
            "min": 2156.6005859375,
            "max": 3197.4580078125,
            "count": 24
        },
        "CharacterABehavior.Step.mean": {
            "value": 194985.0,
            "min": 171995.0,
            "max": 194985.0,
            "count": 24
        },
        "CharacterABehavior.Step.sum": {
            "value": 194985.0,
            "min": 171995.0,
            "max": 194985.0,
            "count": 24
        },
        "CharacterABehavior.Policy.ExtrinsicValueEstimate.mean": {
            "value": -9.131124496459961,
            "min": -10.341224670410156,
            "max": -7.821145057678223,
            "count": 24
        },
        "CharacterABehavior.Policy.ExtrinsicValueEstimate.sum": {
            "value": -155.22911071777344,
            "min": -165.4595947265625,
            "max": -72.48770141601562,
            "count": 24
        },
        "CharacterABehavior.Environment.EpisodeLength.mean": {
            "value": 194.0,
            "min": 88.0,
            "max": 1833.6666666666667,
            "count": 18
        },
        "CharacterABehavior.Environment.EpisodeLength.sum": {
            "value": 194.0,
            "min": 88.0,
            "max": 5501.0,
            "count": 18
        },
        "CharacterABehavior.Environment.CumulativeReward.mean": {
            "value": -1601.575339704752,
            "min": -2008.7111887671053,
            "max": 997.5385346710682,
            "count": 18
        },
        "CharacterABehavior.Environment.CumulativeReward.sum": {
            "value": -1601.575339704752,
            "min": -3404.910039782524,
            "max": 997.5385346710682,
            "count": 18
        },
        "CharacterABehavior.Policy.ExtrinsicReward.mean": {
            "value": -1601.575339704752,
            "min": -2008.7111887671053,
            "max": 997.5385346710682,
            "count": 18
        },
        "CharacterABehavior.Policy.ExtrinsicReward.sum": {
            "value": -1601.575339704752,
            "min": -3404.910039782524,
            "max": 997.5385346710682,
            "count": 18
        },
        "CharacterABehavior.IsTraining.mean": {
            "value": 1.0,
            "min": 1.0,
            "max": 1.0,
            "count": 24
        },
        "CharacterABehavior.IsTraining.sum": {
            "value": 1.0,
            "min": 1.0,
            "max": 1.0,
            "count": 24
        },
        "CharacterBBehavior.Policy.Entropy.mean": {
            "value": 2.3294341564178467,
            "min": 2.3294341564178467,
            "max": 2.665867805480957,
            "count": 24
        },
        "CharacterBBehavior.Policy.Entropy.sum": {
            "value": 2233.92724609375,
            "min": 2203.291748046875,
            "max": 3145.34375,
            "count": 24
        },
        "CharacterBBehavior.Step.mean": {
            "value": 194985.0,
            "min": 171995.0,
            "max": 194985.0,
            "count": 24
        },
        "CharacterBBehavior.Step.sum": {
            "value": 194985.0,
            "min": 171995.0,
            "max": 194985.0,
            "count": 24
        },
        "CharacterBBehavior.Policy.ExtrinsicValueEstimate.mean": {
            "value": -5.131408214569092,
            "min": -5.694631099700928,
            "max": -2.6854960918426514,
            "count": 24
        },
        "CharacterBBehavior.Policy.ExtrinsicValueEstimate.sum": {
            "value": -87.23394012451172,
            "min": -91.11409759521484,
            "max": -38.68927001953125,
            "count": 24
        },
        "CharacterBBehavior.Environment.EpisodeLength.mean": {
            "value": 194.0,
            "min": 88.0,
            "max": 1833.6666666666667,
            "count": 18
        },
        "CharacterBBehavior.Environment.EpisodeLength.sum": {
            "value": 194.0,
            "min": 88.0,
            "max": 5501.0,
            "count": 18
        },
        "CharacterBBehavior.Environment.CumulativeReward.mean": {
            "value": 997.834587097168,
            "min": -2204.6815177202225,
            "max": 1098.6154509484768,
            "count": 18
        },
        "CharacterBBehavior.Environment.CumulativeReward.sum": {
            "value": 997.834587097168,
            "min": -2204.6815177202225,
            "max": 1692.736739397049,
            "count": 18
        },
        "CharacterBBehavior.Policy.ExtrinsicReward.mean": {
            "value": 997.834587097168,
            "min": -2204.6815177202225,
            "max": 1098.6154509484768,
            "count": 18
        },
        "CharacterBBehavior.Policy.ExtrinsicReward.sum": {
            "value": 997.834587097168,
            "min": -2204.6815177202225,
            "max": 1692.736739397049,
            "count": 18
        },
        "CharacterBBehavior.IsTraining.mean": {
            "value": 1.0,
            "min": 1.0,
            "max": 1.0,
            "count": 24
        },
        "CharacterBBehavior.IsTraining.sum": {
            "value": 1.0,
            "min": 1.0,
            "max": 1.0,
            "count": 24
        },
        "CharacterABehavior.Losses.PolicyLoss.mean": {
            "value": 0.15653566241962835,
            "min": 0.1525210803374648,
            "max": 0.2150751811762651,
            "count": 11
        },
        "CharacterABehavior.Losses.PolicyLoss.sum": {
            "value": 0.15653566241962835,
            "min": 0.1525210803374648,
            "max": 0.2150751811762651,
            "count": 11
        },
        "CharacterABehavior.Losses.ValueLoss.mean": {
            "value": 12025.277781936029,
            "min": 488.90533371269703,
            "max": 26166.431439658005,
            "count": 11
        },
        "CharacterABehavior.Losses.ValueLoss.sum": {
            "value": 12025.277781936029,
            "min": 488.90533371269703,
            "max": 26166.431439658005,
            "count": 11
        },
        "CharacterABehavior.Policy.LearningRate.mean": {
            "value": 0.00010533806488733335,
            "min": 0.00010533806488733335,
            "max": 0.00012634105788633334,
            "count": 11
        },
        "CharacterABehavior.Policy.LearningRate.sum": {
            "value": 0.00010533806488733335,
            "min": 0.00010533806488733335,
            "max": 0.00012634105788633334,
            "count": 11
        },
        "CharacterABehavior.Policy.Epsilon.mean": {
            "value": 0.1351126666666667,
            "min": 0.1351126666666667,
            "max": 0.1421136666666667,
            "count": 11
        },
        "CharacterABehavior.Policy.Epsilon.sum": {
            "value": 0.1351126666666667,
            "min": 0.1351126666666667,
            "max": 0.1421136666666667,
            "count": 11
        },
        "CharacterABehavior.Policy.Beta.mean": {
            "value": 0.0017621220666666673,
            "min": 0.0017621220666666673,
            "max": 0.002111471966666667,
            "count": 11
        },
        "CharacterABehavior.Policy.Beta.sum": {
            "value": 0.0017621220666666673,
            "min": 0.0017621220666666673,
            "max": 0.002111471966666667,
            "count": 11
        },
        "CharacterBBehavior.Losses.PolicyLoss.mean": {
            "value": 0.15539807632255057,
            "min": 0.11063968855887651,
            "max": 0.2216715735848993,