{
    "name": "root",
    "gauges": {
        "MyBehavior.Policy.Entropy.mean": {
            "value": 1.0916889905929565,
            "min": 1.0916889905929565,
            "max": 1.0917530059814453,
            "count": 3
        },
        "MyBehavior.Policy.Entropy.sum": {
            "value": 241.26327514648438,
            "min": 209.6165771484375,
            "max": 279.474609375,
            "count": 3
        },
        "MyBehavior.Step.mean": {
            "value": 576.0,
            "min": 192.0,
            "max": 576.0,
            "count": 3
        },
        "MyBehavior.Step.sum": {
            "value": 576.0,
            "min": 192.0,
            "max": 576.0,
            "count": 3
        },
        "MyBehavior.Policy.ExtrinsicValueEstimate.mean": {
            "value": -2.972705841064453,
            "min": -2.9757633209228516,
            "max": -2.9630343914031982,
            "count": 3
        },
        "MyBehavior.Policy.ExtrinsicValueEstimate.sum": {
            "value": -8.91811752319336,
            "min": -8.927289962768555,
            "max": -8.889102935791016,
            "count": 3
        },
        "MyBehavior.IsTraining.mean": {
            "value": 1.0,
            "min": 1.0,
            "max": 1.0,
            "count": 3
        },
        "MyBehavior.IsTraining.sum": {
            "value": 1.0,
            "min": 1.0,
            "max": 1.0,
            "count": 3
        }
    },
    "metadata": {
        "timer_format_version": "0.1.0",
        "start_time_seconds": "1761905629",
        "python_version": "3.10.1 (tags/v3.10.1:2cd268a, Dec  6 2021, 19:10:37) [MSC v.1929 64 bit (AMD64)]",
        "command_line_arguments": "C:\\Users\\49469\\AppData\\Local\\Programs\\Python\\Python310\\Scripts\\mlagents-learn config.yaml --run-id=DontDown2",
        "mlagents_version": "1.1.0",
        "mlagents_envs_version": "1.1.0",
        "communication_protocol_version": "1.5.0",
        "pytorch_version": "1.12.1+cpu",
        "numpy_version": "1.23.5",
        "end_time_seconds": "1761905708"
    },
    "total": 78.24604950000139,
    "count": 1,
    "self": 10.011561600003915,
    "children": {
        "run_training.setup": {
            "total": 0.18113789999915753,
            "count": 1,
            "self": 0.18113789999915753
        },
        "TrainerController.start_learning": {
            "total": 68.05334999999832,
            "count": 1,
            "self": 0.023199500057671685,
            "children": {
                "TrainerController._reset_env": {
                    "total": 5.321452500000305,
                    "count": 1,
                    "self": 5.321452500000305
                },
                "TrainerController.advance": {
                    "total": 62.27289069994367,
                    "count": 800,
                    "self": 0.02264120006293524,
                    "children": {
                        "env_step": {
                            "total": 62.094071199942846,
                            "count": 800,
                            "self": 60.70385909995821,
                            "children": {
                                "SubprocessEnvManager._take_step": {
                                    "total": 1.375965100050962,
                                    "count": 801,
                                    "self": 0.05981599997539888,
                                    "children": {
                                        "TorchPolicy.evaluate": {
                                            "total": 1.3161491000755632,
                                            "count": 801,
                                            "self": 1.3161491000755632
                                        }
                                    }
                                },
                                "workers": {
                                    "total": 0.014246999933675397,
                                    "count": 799,
                                    "self": 0.0,
                                    "children": {
                                        "worker_root": {
                                            "total": 29.63686299998153,
                                            "count": 799,
                                            "is_parallel": true,
                                            "self": 2.769765000037296,
                                            "children": {
                                                "steps_from_proto": {
                                                    "total": 0.0014352999969560187,
                                                    "count": 2,
                                                    "is_parallel": true,
                                                    "self": 0.0008579000023019034,
                                                    "children": {
                                                        "_process_rank_one_or_two_observation": {
                                                            "total": 0.0005773999946541153,
                                                            "count": 4,
                                                            "is_parallel": true,
                                                            "self": 0.0005773999946541153
                                                        }
                                                    }
                                                },
                                                "UnityEnvironment.step": {
                                                    "total": 26.86566269994728,
                                                    "count": 799,
                                                    "is_parallel": true,
                                                    "self": 0.08306819990320946,
                                                    "children": {
                                                        "UnityEnvironment._generate_step_input": {
                                                            "total": 0.0794717000098899,
                                                            "count": 799,
                                                            "is_parallel": true,
                                                            "self": 0.0794717000098899
                                                        },
                                                        "communicator.exchange": {
                                                            "total": 26.424071000055847,
                                                            "count": 799,
                                                            "is_parallel": true,
                                                            "self": 26.424071000055847
                                                        },
                                                        "steps_from_proto": {
                                                            "total": 0.2790517999783333,
                                                            "count": 799,
                                                            "is_parallel": true,
                                                            "self": 0.16897760000574635,
                                                            "children": {
                                                                "_process_rank_one_or_two_observation": {
                                                                    "total": 0.11007419997258694,
                                                                    "count": 1598,
                                                                    "is_parallel": true,