{
    "name": "root",
    "gauges": {
        "CharacterABehavior.Policy.Entropy.mean": {
            "value": 2.210108518600464,
            "min": 2.1871864795684814,
            "max": 2.4810237884521484,
            "count": 150
        },
        "CharacterABehavior.Policy.Entropy.sum": {
            "value": 413.2903137207031,
            "min": 340.8408203125,
            "max": 637.6231079101562,
            "count": 150
        },
        "CharacterABehavior.Step.mean": {
            "value": 29961.0,
            "min": 177.0,
            "max": 29961.0,
            "count": 150
        },
        "CharacterABehavior.Step.sum": {
            "value": 29961.0,
            "min": 177.0,
            "max": 29961.0,
            "count": 150
        },
        "CharacterABehavior.Policy.ExtrinsicValueEstimate.mean": {
            "value": 268.5128479003906,
            "min": 0.9720042943954468,
            "max": 303.79461669921875,
            "count": 150
        },
        "CharacterABehavior.Policy.ExtrinsicValueEstimate.sum": {
            "value": 1074.0513916015625,
            "min": 3.596404790878296,
            "max": 1608.862060546875,
            "count": 150
        },
        "CharacterABehavior.Environment.EpisodeLength.mean": {
            "value": 92.5,
            "min": 70.33333333333333,
            "max": 129.0,
            "count": 150
        },
        "CharacterABehavior.Environment.EpisodeLength.sum": {
            "value": 185.0,
            "min": 119.0,
            "max": 280.0,
            "count": 150
        },
        "CharacterABehavior.Environment.CumulativeReward.mean": {
            "value": 1276.5364685058594,
            "min": -903.989013671875,
            "max": 1276.5364685058594,
            "count": 150
        },
        "CharacterABehavior.Environment.CumulativeReward.sum": {
            "value": 2553.0729370117188,
            "min": -2330.0499877929688,
            "max": 3724.7959594726562,
            "count": 150
        },
        "CharacterABehavior.Policy.ExtrinsicReward.mean": {
            "value": 1276.5364685058594,
            "min": -903.989013671875,
            "max": 1276.5364685058594,
            "count": 150
        },
        "CharacterABehavior.Policy.ExtrinsicReward.sum": {
            "value": 2553.0729370117188,
            "min": -2330.0499877929688,
            "max": 3724.7959594726562,
            "count": 150
        },
        "CharacterABehavior.IsTraining.mean": {
            "value": 1.0,
            "min": 1.0,
            "max": 1.0,
            "count": 150
        },
        "CharacterABehavior.IsTraining.sum": {
            "value": 1.0,
            "min": 1.0,
            "max": 1.0,
            "count": 150
        },
        "CharacterBBehavior.Policy.Entropy.mean": {
            "value": 2.3571996688842773,
            "min": 2.3050427436828613,
            "max": 2.472290277481079,
            "count": 150
        },
        "CharacterBBehavior.Policy.Entropy.sum": {
            "value": 440.7963562011719,
            "min": 349.9185791015625,
            "max": 634.6106567382812,
            "count": 150
        },
        "CharacterBBehavior.Step.mean": {
            "value": 29961.0,
            "min": 177.0,
            "max": 29961.0,
            "count": 150
        },
        "CharacterBBehavior.Step.sum": {
            "value": 29961.0,
            "min": 177.0,
            "max": 29961.0,
            "count": 150
        },
        "CharacterBBehavior.Policy.ExtrinsicValueEstimate.mean": {
            "value": -83.15862274169922,
            "min": -110.16831970214844,
            "max": -0.9729887247085571,
            "count": 150
        },
        "CharacterBBehavior.Policy.ExtrinsicValueEstimate.sum": {
            "value": -332.6344909667969,
            "min": -567.4845581054688,
            "max": -3.7330808639526367,
            "count": 150
        },
        "CharacterBBehavior.Environment.EpisodeLength.mean": {
            "value": 92.5,
            "min": 70.33333333333333,
            "max": 129.0,
            "count": 150
        },
        "CharacterBBehavior.Environment.EpisodeLength.sum": {
            "value": 185.0,
            "min": 119.0,
            "max": 280.0,
            "count": 150
        },
        "CharacterBBehavior.Environment.CumulativeReward.mean": {
            "value": -819.4274978637695,
            "min": -917.7554473876953,
            "max": 1218.3505249023438,
            "count": 150
        },
        "CharacterBBehavior.Environment.CumulativeReward.sum": {
            "value": -1638.854995727539,
            "min": -2676.062973022461,
            "max": 3456.9420013427734,
            "count": 150
        },
        "CharacterBBehavior.Policy.ExtrinsicReward.mean": {
            "value": -819.4274978637695,
            "min": -917.7554473876953,
            "max": 1218.3505249023438,
            "count": 150
        },
        "CharacterBBehavior.Policy.ExtrinsicReward.sum": {
            "value": -1638.854995727539,
            "min": -2676.062973022461,
            "max": 3456.9420013427734,
            "count": 150
        },
        "CharacterBBehavior.IsTraining.mean": {
            "value": 1.0,
            "min": 1.0,
            "max": 1.0,
            "count": 150
        },
        "CharacterBBehavior.IsTraining.sum": {
            "value": 1.0,
            "min": 1.0,
            "max": 1.0,
            "count": 150
        },
        "CharacterABehavior.Losses.PolicyLoss.mean": {
            "value": 0.10497180714446586,
            "min": 0.09048582547832969,
            "max": 0.112824131368446,
            "count": 14
        },
        "CharacterABehavior.Losses.PolicyLoss.sum": {
            "value": 0.10497180714446586,
            "min": 0.09048582547832969,
            "max": 0.112824131368446,
            "count": 14
        },
        "CharacterABehavior.Losses.ValueLoss.mean": {
            "value": 64595.386657714844,
            "min": 64595.386657714844,
            "max": 103748.45857747395,
            "count": 14
        },
        "CharacterABehavior.Losses.ValueLoss.sum": {
            "value": 64595.386657714844,
            "min": 64595.386657714844,
            "max": 103748.45857747395,
            "count": 14
        },
        "CharacterABehavior.Policy.LearningRate.mean": {
            "value": 1.0030096656666661e-05,
            "min": 1.0030096656666661e-05,
            "max": 0.00027902000699333337,
            "count": 14
        },
        "CharacterABehavior.Policy.LearningRate.sum": {
            "value": 1.0030096656666661e-05,
            "min": 1.0030096656666661e-05,
            "max": 0.00027902000699333337,
            "count": 14
        },
        "CharacterABehavior.Policy.Epsilon.mean": {
            "value": 0.10334333333333334,
            "min": 0.10334333333333334,
            "max": 0.19300666666666674,
            "count": 14
        },
        "CharacterABehavior.Policy.Epsilon.sum": {
            "value": 0.10334333333333334,
            "min": 0.10334333333333334,
            "max": 0.19300666666666674,
            "count": 14
        },
        "CharacterABehavior.Policy.Beta.mean": {
            "value": 0.00017683233333333322,
            "min": 0.00017683233333333322,
            "max": 0.004651032666666667,
            "count": 14
        },
        "CharacterABehavior.Policy.Beta.sum": {
            "value": 0.00017683233333333322,
            "min": 0.00017683233333333322,
            "max": 0.004651032666666667,
            "count": 14
        },
        "CharacterBBehavior.Losses.PolicyLoss.mean": {
            "value": 0.09733511407891153,
            "min": 0.08451670114542746,