{
    "name": "root",
    "gauges": {
        "MyBehavior.Policy.Entropy.mean": {
            "value": 1.0957059860229492,
            "min": 1.0741472244262695,
            "max": 1.09775710105896,
            "count": 12
        },
        "MyBehavior.Policy.Entropy.sum": {
            "value": 166.54730224609375,
            "min": 163.2703857421875,
            "max": 278.23956298828125,
            "count": 12
        },
        "MyBehavior.Step.mean": {
            "value": 2376.0,
            "min": 192.0,
            "max": 2376.0,
            "count": 12
        },
        "MyBehavior.Step.sum": {
            "value": 2376.0,
            "min": 192.0,
            "max": 2376.0,
            "count": 12
        },
        "MyBehavior.Policy.ExtrinsicValueEstimate.mean": {
            "value": -1.2046024799346924,
            "min": -4.085887908935547,
            "max": -0.871982991695404,
            "count": 12
        },
        "MyBehavior.Policy.ExtrinsicValueEstimate.sum": {
            "value": -3.613807439804077,
            "min": -16.343551635742188,
            "max": -2.6159489154815674,
            "count": 12
        },
        "MyBehavior.IsTraining.mean": {
            "value": 1.0,
            "min": 1.0,
            "max": 1.0,
            "count": 12
        },
        "MyBehavior.IsTraining.sum": {
            "value": 1.0,
            "min": 1.0,
            "max": 1.0,
            "count": 12
        },
        "MyBehavior.Environment.EpisodeLength.mean": {
            "value": 599.0,
            "min": 599.0,
            "max": 599.0,
            "count": 4
        },
        "MyBehavior.Environment.EpisodeLength.sum": {
            "value": 599.0,
            "min": 599.0,
            "max": 599.0,
            "count": 4
        },
        "MyBehavior.Environment.CumulativeReward.mean": {
            "value": 1.8400001749396324,
            "min": 1.775000162422657,
            "max": 1.9650001525878906,
            "count": 3
        },
        "MyBehavior.Environment.CumulativeReward.sum": {
            "value": 1.8400001749396324,
            "min": 1.775000162422657,
            "max": 1.9650001525878906,
            "count": 3
        },
        "MyBehavior.Policy.ExtrinsicReward.mean": {
            "value": 1.8400001749396324,
            "min": 1.775000162422657,
            "max": 1.9650001525878906,
            "count": 3
        },
        "MyBehavior.Policy.ExtrinsicReward.sum": {
            "value": 1.8400001749396324,
            "min": 1.775000162422657,
            "max": 1.9650001525878906,
            "count": 3
        },
        "MyBehavior.Losses.PolicyLoss.mean": {
            "value": 0.0916524287701274,
            "min": 0.0916524287701274,
            "max": 0.0916524287701274,
            "count": 1
        },
        "MyBehavior.Losses.PolicyLoss.sum": {
            "value": 0.0916524287701274,
            "min": 0.0916524287701274,
            "max": 0.0916524287701274,
            "count": 1
        },
        "MyBehavior.Losses.ValueLoss.mean": {
            "value": 0.5347638245439157,
            "min": 0.5347638245439157,
            "max": 0.5347638245439157,
            "count": 1
        },
        "MyBehavior.Losses.ValueLoss.sum": {
            "value": 0.5347638245439157,
            "min": 0.5347638245439157,
            "max": 0.5347638245439157,
            "count": 1
        },
        "MyBehavior.Policy.LearningRate.mean": {
            "value": 0.00027944000685333327,
            "min": 0.00027944000685333327,
            "max": 0.00027944000685333327,
            "count": 1
        },
        "MyBehavior.Policy.LearningRate.sum": {
            "value": 0.00027944000685333327,
            "min": 0.00027944000685333327,
            "max": 0.00027944000685333327,
            "count": 1
        },
        "MyBehavior.Policy.Epsilon.mean": {
            "value": 0.19314666666666672,
            "min": 0.19314666666666672,
            "max": 0.19314666666666672,
            "count": 1
        },
        "MyBehavior.Policy.Epsilon.sum": {
            "value": 0.19314666666666672,
            "min": 0.19314666666666672,
            "max": 0.19314666666666672,
            "count": 1
        },
        "MyBehavior.Policy.Beta.mean": {
            "value": 0.004658018666666667,
            "min": 0.004658018666666667,
            "max": 0.004658018666666667,
            "count": 1
        },
        "MyBehavior.Policy.Beta.sum": {
            "value": 0.004658018666666667,
            "min": 0.004658018666666667,
            "max": 0.004658018666666667,
            "count": 1
        }
    },
    "metadata": {
        "timer_format_version": "0.1.0",
        "start_time_seconds": "1761906076",
        "python_version": "3.10.1 (tags/v3.10.1:2cd268a, Dec  6 2021, 19:10:37) [MSC v.1929 64 bit (AMD64)]",
        "command_line_arguments": "C:\\Users\\49469\\AppData\\Local\\Programs\\Python\\Python310\\Scripts\\mlagents-learn config.yaml --run-id=DontDown7",
        "mlagents_version": "1.1.0",
        "mlagents_envs_version": "1.1.0",
        "communication_protocol_version": "1.5.0",
        "pytorch_version": "1.12.1+cpu",
        "numpy_version": "1.23.5",
        "end_time_seconds": "1761906178"
    },
    "total": 101.84306779999679,
    "count": 1,
    "self": 0.019682199996168492,
    "children": {
        "run_training.setup": {
            "total": 0.14075830000001588,
            "count": 1,
            "self": 0.14075830000001588
        },
        "TrainerController.start_learning": {
            "total": 101.6826273000006,
            "count": 1,
            "self": 0.0722779998977785,
            "children": {
                "TrainerController._reset_env": {
                    "total": 4.687558000001445,
                    "count": 1,
                    "self": 4.687558000001445
                },
                "TrainerController.advance": {
                    "total": 96.59605660010129,
                    "count": 2491,
                    "self": 0.07065350011544069,
                    "children": {
                        "env_step": {
                            "total": 94.61194339998838,
                            "count": 2491,
                            "self": 90.30710569993244,
                            "children": {
                                "SubprocessEnvManager._take_step": {
                                    "total": 4.258450999910565,
                                    "count": 2491,
                                    "self": 0.19167139990531723,
                                    "children": {
                                        "TorchPolicy.evaluate": {
                                            "total": 4.066779600005248,
                                            "count": 2491,
                                            "self": 4.066779600005248
                                        }
                                    }
                                },
                                "workers": {
                                    "total": 0.04638670014537638,
                                    "count": 2490,
                                    "self": 0.0,
                                    "children": {
                                        "worker_root": {
                                            "total": 33.267286999933276,
                                            "count": 2490,
                                            "is_parallel": true,
                                            "self": 9.899478999897838,