{
    "name": "root",
    "gauges": {
        "MyBehavior.Policy.Entropy.mean": {
            "value": 1.4138935804367065,
            "min": 1.4124990701675415,
            "max": 1.4261339902877808,
            "count": 250
        },
        "MyBehavior.Policy.Entropy.sum": {
            "value": 271.4675598144531,
            "min": 204.96685791015625,
            "max": 370.54266357421875,
            "count": 250
        },
        "MyBehavior.Step.mean": {
            "value": 49966.0,
            "min": 192.0,
            "max": 49966.0,
            "count": 250
        },
        "MyBehavior.Step.sum": {
            "value": 49966.0,
            "min": 192.0,
            "max": 49966.0,
            "count": 250
        },
        "MyBehavior.Policy.ExtrinsicValueEstimate.mean": {
            "value": -25.420175552368164,
            "min": -63.86601638793945,
            "max": 50.24908447265625,
            "count": 250
        },
        "MyBehavior.Policy.ExtrinsicValueEstimate.sum": {
            "value": -76.26052856445312,
            "min": -191.59805297851562,
            "max": 301.4945068359375,
            "count": 250
        },
        "MyBehavior.IsTraining.mean": {
            "value": 1.0,
            "min": 1.0,
            "max": 1.0,
            "count": 250
        },
        "MyBehavior.IsTraining.sum": {
            "value": 1.0,
            "min": 1.0,
            "max": 1.0,
            "count": 250
        },
        "MyBehavior.Environment.EpisodeLength.mean": {
            "value": 599.0,
            "min": 5.0,
            "max": 599.0,
            "count": 97
        },
        "MyBehavior.Environment.EpisodeLength.sum": {
            "value": 599.0,
            "min": 5.0,
            "max": 765.0,
            "count": 97
        },
        "MyBehavior.Environment.CumulativeReward.mean": {
            "value": -2.998000204563141,
            "min": -119.11999416351318,
            "max": 99.9800033569336,
            "count": 95
        },
        "MyBehavior.Environment.CumulativeReward.sum": {
            "value": -2.998000204563141,
            "min": -119.11999416351318,
            "max": 399.5899963378906,
            "count": 95
        },
        "MyBehavior.Policy.ExtrinsicReward.mean": {
            "value": -2.998000204563141,
            "min": -119.11999416351318,
            "max": 99.9800033569336,
            "count": 95
        },
        "MyBehavior.Policy.ExtrinsicReward.sum": {
            "value": -2.998000204563141,
            "min": -119.11999416351318,
            "max": 399.5899963378906,
            "count": 95
        },
        "MyBehavior.Losses.PolicyLoss.mean": {
            "value": 0.09585596504621208,
            "min": 0.08511430425278377,
            "max": 0.11318384535843506,
            "count": 24
        },
        "MyBehavior.Losses.PolicyLoss.sum": {
            "value": 0.09585596504621208,
            "min": 0.08511430425278377,
            "max": 0.11318384535843506,
            "count": 24
        },
        "MyBehavior.Losses.ValueLoss.mean": {
            "value": 35.63453342517217,
            "min": 1.3572554962399106,
            "max": 207.74989740053812,
            "count": 24
        },
        "MyBehavior.Losses.ValueLoss.sum": {
            "value": 35.63453342517217,
            "min": 1.3572554962399106,
            "max": 207.74989740053812,
            "count": 24
        },
        "MyBehavior.Policy.LearningRate.mean": {
            "value": 5.880998039999884e-07,
            "min": 5.880998039999884e-07,
            "max": 0.0002874120041959999,
            "count": 24
        },
        "MyBehavior.Policy.LearningRate.sum": {
            "value": 5.880998039999884e-07,
            "min": 5.880998039999884e-07,
            "max": 0.0002874120041959999,
            "count": 24
        },
        "MyBehavior.Policy.Epsilon.mean": {
            "value": 0.10019599999999997,
            "min": 0.10019599999999997,
            "max": 0.195804,
            "count": 24
        },
        "MyBehavior.Policy.Epsilon.sum": {
            "value": 0.10019599999999997,
            "min": 0.10019599999999997,
            "max": 0.195804,
            "count": 24
        },
        "MyBehavior.Policy.Beta.mean": {
            "value": 1.978039999999981e-05,
            "min": 1.978039999999981e-05,
            "max": 0.004790619600000001,
            "count": 24
        },
        "MyBehavior.Policy.Beta.sum": {
            "value": 1.978039999999981e-05,
            "min": 1.978039999999981e-05,
            "max": 0.004790619600000001,
            "count": 24
        }
    },
    "metadata": {
        "timer_format_version": "0.1.0",
        "start_time_seconds": "1761708445",
        "python_version": "3.10.1 (tags/v3.10.1:2cd268a, Dec  6 2021, 19:10:37) [MSC v.1929 64 bit (AMD64)]",
        "command_line_arguments": "C:\\Users\\49469\\AppData\\Local\\Programs\\Python\\Python310\\Scripts\\mlagents-learn config.yaml --run-id=TestRun500",
        "mlagents_version": "1.1.0",
        "mlagents_envs_version": "1.1.0",
        "communication_protocol_version": "1.5.0",
        "pytorch_version": "1.12.1+cpu",
        "numpy_version": "1.23.5",
        "end_time_seconds": "1761708868"
    },
    "total": 423.1714638000003,
    "count": 1,
    "self": 0.013517800000954594,
    "children": {
        "run_training.setup": {
            "total": 0.23294949999944947,
            "count": 1,
            "self": 0.23294949999944947
        },
        "TrainerController.start_learning": {
            "total": 422.9249964999999,
            "count": 1,
            "self": 0.9533108999803517,
            "children": {
                "TrainerController._reset_env": {
                    "total": 4.6855304000000615,
                    "count": 1,
                    "self": 4.6855304000000615
                },
                "TrainerController.advance": {
                    "total": 417.0291999000183,
                    "count": 50171,
                    "self": 0.8301472000848662,
                    "children": {
                        "env_step": {
                            "total": 394.47651569994105,
                            "count": 50171,
                            "self": 332.0281149000348,
                            "children": {
                                "SubprocessEnvManager._take_step": {
                                    "total": 61.830166800007646,
                                    "count": 50173,
                                    "self": 2.4506762999681087,
                                    "children": {
                                        "TorchPolicy.evaluate": {
                                            "total": 59.37949050003954,
                                            "count": 50057,
                                            "self": 59.37949050003954
                                        }
                                    }
                                },
                                "workers": {
                                    "total": 0.6182339998986208,
                                    "count": 50171,
                                    "self": 0.0,
                                    "children": {
                                        "worker_root": {
                                            "total": 388.270115099911,
                                            "count": 50171,
                                            "is_parallel": true,
                                            "self": 131.71506029992634,