{
    "name": "root",
    "gauges": {
        "MyBehavior.Policy.Entropy.mean": {
            "value": 2.3273980617523193,
            "min": 2.300518274307251,
            "max": 2.4770593643188477,
            "count": 150
        },
        "MyBehavior.Policy.Entropy.sum": {
            "value": 716.838623046875,
            "min": 187.14227294921875,
            "max": 789.6531982421875,
            "count": 150
        },
        "MyBehavior.Step.mean": {
            "value": 29988.0,
            "min": 162.0,
            "max": 29988.0,
            "count": 150
        },
        "MyBehavior.Step.sum": {
            "value": 29988.0,
            "min": 162.0,
            "max": 29988.0,
            "count": 150
        },
        "MyBehavior.Policy.ExtrinsicValueEstimate.mean": {
            "value": 49.217185974121094,
            "min": -0.9369033575057983,
            "max": 69.8979721069336,
            "count": 150
        },
        "MyBehavior.Policy.ExtrinsicValueEstimate.sum": {
            "value": 246.0859375,
            "min": -4.684516906738281,
            "max": 419.3878479003906,
            "count": 150
        },
        "MyBehavior.Environment.EpisodeLength.mean": {
            "value": 89.0,
            "min": 69.0,
            "max": 166.0,
            "count": 139
        },
        "MyBehavior.Environment.EpisodeLength.sum": {
            "value": 178.0,
            "min": 138.0,
            "max": 490.0,
            "count": 139
        },
        "MyBehavior.Environment.CumulativeReward.mean": {
            "value": -111.83299763997395,
            "min": -905.1750335693359,
            "max": 1288.0159606933594,
            "count": 145
        },
        "MyBehavior.Environment.CumulativeReward.sum": {
            "value": -335.4989929199219,
            "min": -905.1750335693359,
            "max": 1663.7649154663086,
            "count": 145
        },
        "MyBehavior.Policy.ExtrinsicReward.mean": {
            "value": -111.83299763997395,
            "min": -905.1750335693359,
            "max": 1288.0159606933594,
            "count": 145
        },
        "MyBehavior.Policy.ExtrinsicReward.sum": {
            "value": -335.4989929199219,
            "min": -905.1750335693359,
            "max": 1663.7649154663086,
            "count": 145
        },
        "MyBehavior.IsTraining.mean": {
            "value": 1.0,
            "min": 1.0,
            "max": 1.0,
            "count": 150
        },
        "MyBehavior.IsTraining.sum": {
            "value": 1.0,
            "min": 1.0,
            "max": 1.0,
            "count": 150
        },
        "MyBehavior.Losses.PolicyLoss.mean": {
            "value": 0.09515283910150174,
            "min": 0.0857991371085518,
            "max": 0.11696438200791211,
            "count": 14
        },
        "MyBehavior.Losses.PolicyLoss.sum": {
            "value": 0.09515283910150174,
            "min": 0.0857991371085518,
            "max": 0.11696438200791211,
            "count": 14
        },
        "MyBehavior.Losses.ValueLoss.mean": {
            "value": 74459.97680664062,
            "min": 55101.11437988281,
            "max": 93550.14428710938,
            "count": 14
        },
        "MyBehavior.Losses.ValueLoss.sum": {
            "value": 74459.97680664062,
            "min": 55101.11437988281,
            "max": 93550.14428710938,
            "count": 14
        },
        "MyBehavior.Policy.LearningRate.mean": {
            "value": 5.840098053333323e-06,
            "min": 5.840098053333323e-06,
            "max": 0.00027890000703333334,
            "count": 14
        },
        "MyBehavior.Policy.LearningRate.sum": {
            "value": 5.840098053333323e-06,
            "min": 5.840098053333323e-06,
            "max": 0.00027890000703333334,
            "count": 14
        },
        "MyBehavior.Policy.Epsilon.mean": {
            "value": 0.10194666666666664,
            "min": 0.10194666666666664,
            "max": 0.1929666666666667,
            "count": 14
        },
        "MyBehavior.Policy.Epsilon.sum": {
            "value": 0.10194666666666664,
            "min": 0.10194666666666664,
            "max": 0.1929666666666667,
            "count": 14
        },
        "MyBehavior.Policy.Beta.mean": {
            "value": 0.0001071386666666665,
            "min": 0.0001071386666666665,
            "max": 0.004649036666666668,
            "count": 14
        },
        "MyBehavior.Policy.Beta.sum": {
            "value": 0.0001071386666666665,
            "min": 0.0001071386666666665,
            "max": 0.004649036666666668,
            "count": 14
        }
    },
    "metadata": {
        "timer_format_version": "0.1.0",
        "start_time_seconds": "1761911097",
        "python_version": "3.10.1 (tags/v3.10.1:2cd268a, Dec  6 2021, 19:10:37) [MSC v.1929 64 bit (AMD64)]",
        "command_line_arguments": "C:\\Users\\49469\\AppData\\Local\\Programs\\Python\\Python310\\Scripts\\mlagents-learn config.yaml --run-id=DontDown24",
        "mlagents_version": "1.1.0",
        "mlagents_envs_version": "1.1.0",
        "communication_protocol_version": "1.5.0",
        "pytorch_version": "1.12.1+cpu",
        "numpy_version": "1.23.5",
        "end_time_seconds": "1761911271"
    },
    "total": 173.84301009999763,
    "count": 1,
    "self": 0.01410809999651974,
    "children": {
        "run_training.setup": {
            "total": 0.16144750000239583,
            "count": 1,
            "self": 0.16144750000239583
        },
        "TrainerController.start_learning": {
            "total": 173.6674544999987,
            "count": 1,
            "self": 0.44408749950525817,
            "children": {
                "TrainerController._reset_env": {
                    "total": 4.754903799999738,
                    "count": 1,
                    "self": 4.754903799999738
                },
                "TrainerController.advance": {
                    "total": 168.17807210049796,
                    "count": 15208,
                    "self": 0.4440459005490993,
                    "children": {
                        "env_step": {
                            "total": 139.9480855002912,
                            "count": 15208,
                            "self": 101.20786789988051,
                            "children": {
                                "SubprocessEnvManager._take_step": {
                                    "total": 38.44822619993647,
                                    "count": 15208,
                                    "self": 1.2880541998893023,
                                    "children": {
                                        "TorchPolicy.evaluate": {
                                            "total": 37.16017200004717,
                                            "count": 15058,
                                            "self": 37.16017200004717
                                        }
                                    }
                                },
                                "workers": {
                                    "total": 0.2919914004742168,
                                    "count": 15208,
                                    "self": 0.0,
                                    "children": {
                                        "worker_root": {
                                            "total": 167.91654169987305,
                                            "count": 15208,
                                            "is_parallel": true,
                                            "self": 90.66881309944438,